recent20_density_t0.15,recent20_vw_density_t0.15,recent20_density_t0.1,recent20_vw_density_t0.1,pre20_density_t0.15,pre20_vw_density_t0.15,pre20_density_t0.1,pre20_vw_density_t0.1,pre40_density_t0.15,pre40_vw_density_t0.15,pre40_density_t0.1,pre40_vw_density_t0.1,fuel_return,fuel_drawdown,group,above_price_volume_ratio
0.2,0.11334283482806881,0.15,0.0849620520414871,0.1,0.0545329543026531,0.1,0.0545329543026531,0.1,0.0608476053628628,0.1,0.0608476053628628,0.15140493016980483,-0.1085107128213898,C,0.0787306433671915
0.05,0.03606496218282266,0.0,0.0,0.15,0.13519993162031063,0.05,0.05011134926319956,0.175,0.2376422693312777,0.075,0.1143540134976444,0.025429477259406807,-0.05705630385079319,C,0.0753952954797603
0.1,0.08172010864898996,0.1,0.08172010864898996,0.2,0.2067659238634046,0.15,0.12720433444768603,0.15,0.1419712518189027,0.1,0.08217549865661931,0.24346364613173432,-0.018967489046635477,C,0.0811895006140364
0.2,0.2110903243623665,0.1,0.1293930566320122,0.15,0.14556541509835663,0.05,0.07492779413595993,0.175,0.17169072200566368,0.05,0.058767687975731876,0.17295772700169643,-0.05808640006784649,C,0.0737740592629762
0.1,0.10113895964104738,0.05,0.04125081009720366,0.0,0.0,0.0,0.0,0.1,0.1412584851206691,0.075,0.0800693534374862,0.0849730906000572,-0.02072720533160477,B,0.0802356607549985
0.15,0.13840967325905768,0.1,0.08122077597422889,0.1,0.10773253100232814,0.1,0.10773253100232814,0.15,0.15294639097673146,0.125,0.1316417144485785,0.04268677428963641,-0.05053074247521472,C,0.0680466232580251
0.05,0.042818585131379844,0.05,0.042818585131379844,0.1,0.07358547430452694,0.1,0.07358547430452694,0.125,0.11765063859121906,0.1,0.09918405214404835,0.012771345506105591,-0.21488508191991595,C,0.0817494887313575
0.05,0.050651492824147284,0.05,0.050651492824147284,0.05,0.0506095180851909,0.05,0.0506095180851909,0.025,0.02184627978775514,0.025,0.02184627978775514,-0.02458739394725995,-0.14078816598729593,B,0.0845117459458788
0.15,0.14806739146330994,0.05,0.06285892323295052,0.05,0.06937451536553604,0.05,0.06937451536553604,0.075,0.08617340646735543,0.05,0.052495980941063836,0.03546165155534653,-0.11106721314425738,C,0.0891060160315112
0.2,0.211014048581552,0.15,0.1394207650407634,0.35,0.3234755866460199,0.3,0.2692150259347894,0.225,0.20701741042142158,0.2,0.1789938520200865,0.23780923341462934,-0.10030319941332733,B,0.0821728570428164
0.15,0.12413000387650257,0.15,0.12413000387650257,0.2,0.1663397950189103,0.2,0.1663397950189103,0.15,0.13032369780487452,0.1,0.0831477935395494,0.33020751800176984,-0.11119970101085064,C,0.0826131103614106
0.05,0.030879983356917575,0.05,0.030879983356917575,0.1,0.052376778100968246,0.1,0.052376778100968246,0.125,0.1009096809911991,0.125,0.1009096809911991,0.168552974131696,-0.09634941832681265,C,0.0776625524242152
0.1,0.0696199902744384,0.1,0.0696199902744384,0.05,0.03566472092409868,0.05,0.03566472092409868,0.075,0.06885179718350973,0.05,0.04579217177270875,0.10026407314607289,-0.07058848707175991,C,0.082178599017177
0.15,0.18654742531461013,0.15,0.18654742531461013,0.25,0.25978201722329447,0.25,0.25978201722329447,0.175,0.18541735547276322,0.175,0.18541735547276322,0.11288617474104878,-0.07580203667077079,C,0.0629003205602007
0.2,0.13684792052063205,0.2,0.13684792052063205,0.1,0.10254459461250444,0.1,0.10254459461250444,0.15,0.2395587457592364,0.125,0.21895197615434378,0.20898156777625188,-0.12339510891851013,C,0.0719565918636633
0.0,0.0,0.0,0.0,0.1,0.1203574396855006,0.05,0.06785212121083542,0.075,0.08371527532599143,0.05,0.060946188787408255,0.20450636517612608,-0.10341610964011716,C,0.0861777526653988
0.2,0.16488945968980373,0.05,0.031015698334334853,0.1,0.07558773469496304,0.05,0.03943939152172757,0.125,0.13771270649608744,0.075,0.08497081107936902,-0.019188150977325624,-0.17834790540414813,C,0.0600230331605345
0.05,0.03617077190849418,0.05,0.03617077190849418,0.1,0.0887485411308793,0.1,0.0887485411308793,0.075,0.06801549926039856,0.05,0.05010591308407915,0.1773166163207207,-0.022847868730603405,C,0.071844843647313
0.15,0.14548301467129335,0.15,0.14548301467129335,0.1,0.08387527943269611,0.05,0.03703562709596552,0.125,0.08492375413866979,0.075,0.052026654859285225,0.2479871391016808,-0.1457622132169939,C,0.0603869687593594
0.25,0.18325224535085127,0.15,0.1028619333556752,0.25,0.19741207823172793,0.2,0.15119270848741778,0.15,0.10182278489794605,0.1,0.07064892524329064,0.08980681710347982,-0.03448264757460373,C,0.0735747360170073
0.2,0.19562717840733343,0.15,0.15488729771529317,0.2,0.23799854506416548,0.1,0.09171481138805117,0.15,0.18072576820375996,0.1,0.09101717562624659,0.04685643303106857,-0.09336559055979954,B,0.0890990551989068
0.0,0.0,0.0,0.0,0.05,0.07547975999926053,0.0,0.0,0.075,0.07549173977274501,0.025,0.01897787135402978,0.18880330947123825,-0.05508071884817145,C,0.0622730329372377
0.25,0.1966361538343151,0.1,0.08936918784532141,0.2,0.2004846627180752,0.05,0.049152819709156276,0.2,0.17193447568922288,0.125,0.09263880974143447,-0.10801046269254666,-0.21552885369068286,C,0.0687801677125299
0.2,0.22225901607372134,0.1,0.13523501113296169,0.1,0.09199101834779295,0.05,0.06266992257255298,0.125,0.12801025427465168,0.05,0.07242397598456295,0.30786130988406324,-0.22040000652605185,B,0.0839738785268061
0.3,0.34438206314625525,0.15,0.19164368504538185,0.15,0.1601654881507675,0.1,0.11714975701664285,0.175,0.20653959253009313,0.1,0.10339142602202214,0.048928912649534695,-0.09336559055979954,C,0.0610018174881073
0.05,0.04708169732871518,0.0,0.0,0.15,0.15967997365134695,0.15,0.15967997365134695,0.225,0.24872029445774824,0.15,0.16642756302621228,0.0646184343757612,-0.024682148907220758,C,0.0711230930243084
0.05,0.048255789766745286,0.0,0.0,0.05,0.04375934628299065,0.05,0.04375934628299065,0.075,0.07588089169515769,0.05,0.04691029318020343,0.14502828213807684,-0.09250705845170826,C,0.0676693175740926
0.25,0.3395397347751764,0.1,0.23047148569578216,0.1,0.0960646284325228,0.05,0.052991787250684395,0.075,0.07323874337860393,0.025,0.027430292998636523,0.09652882390714956,-0.15531755876073738,C,0.0625330717067177
0.05,0.07542421887706237,0.05,0.07542421887706237,0.05,0.06741112218622809,0.05,0.06741112218622809,0.175,0.14941472155243854,0.15,0.12964066506826122,0.09893198668266812,-0.07283185083189214,B,0.0774271136191937
0.1,0.1010790434673658,0.0,0.0,0.25,0.25046796456999953,0.05,0.04142769819905884,0.15,0.16869797971443823,0.025,0.024111017764409368,0.1473820516941311,-0.22180534634525018,C,0.0639120274050753
0.1,0.09262637122898448,0.1,0.09262637122898448,0.1,0.11700056336257673,0.05,0.04284197548779697,0.075,0.08329676944677866,0.025,0.022473991692324016,-0.03592441229140275,-0.1192938301820089,C,0.0631625112312243
0.15,0.11149045783969988,0.05,0.026869162859002274,0.05,0.05123066408532223,0.0,0.0,0.1,0.09626821843504449,0.025,0.02171478406250912,-0.03836787677252329,-0.14167763433165437,C,0.0785355910791977
0.05,0.09973574293536458,0.05,0.09973574293536458,0.0,0.0,0.0,0.0,0.025,0.027344671941767085,0.0,0.0,0.06642064410915238,-0.17444939907685697,C,0.0821969038882458
0.25,0.28962383509138073,0.2,0.22967888809698425,0.1,0.07995818097209278,0.1,0.07995818097209278,0.075,0.0651502826123861,0.075,0.0651502826123861,0.10020297795197353,-0.254013449618263,C,0.0712427523384035
0.2,0.2025337001228872,0.05,0.05253403617582877,0.1,0.12059019759511022,0.0,0.0,0.1,0.1273104028818825,0.025,0.01725531614963406,0.032064073976632246,-0.2614253572653972,C,0.0653890962668601
0.15,0.16549720633743598,0.15,0.16549720633743598,0.1,0.10532350697166536,0.1,0.10532350697166536,0.125,0.12016658382571556,0.125,0.12016658382571556,0.040732777683753385,-0.11226052380652385,C,0.0602450632768859
0.15,0.18458517805582292,0.05,0.03260879050368944,0.1,0.11842246597741653,0.05,0.04514861606113349,0.1,0.12225060828700894,0.05,0.06092907868211833,0.17525945353649264,-0.09786224344727534,C,0.0754007188406396
0.15,0.12466968877220615,0.05,0.051846517660512764,0.15,0.11241254610164586,0.1,0.07899104320794241,0.1,0.07996653532388942,0.075,0.061287327290195134,0.047985164178526274,-0.10796684104153553,C,0.0636019274575589
0.05,0.05170071295462231,0.0,0.0,0.1,0.10855726107013933,0.0,0.0,0.1,0.09706174229764647,0.025,0.01910241787732631,0.07010749339608702,-0.09210671255529534,C,0.0870571114059829
0.1,0.07251047194039742,0.05,0.03694717761134877,0.0,0.0,0.0,0.0,0.0,0.0,0.0,0.0,-0.06782575821447678,-0.20564047566551136,C,0.0703559233008243
0.05,0.0495090621898842,0.05,0.0495090621898842,0.1,0.06176312408670946,0.05,0.0239444742582745,0.1,0.0673335997828561,0.05,0.024024969059482988,0.17883852308544013,-0.1478961886150013,C,0.0797064128728471
0.1,0.08302258969723698,0.1,0.08302258969723698,0.1,0.10430768758409169,0.1,0.10430768758409169,0.1,0.09967040861425681,0.075,0.0806983211912489,0.35990062981254867,-0.07447101498159103,C,0.0639271767362354
0.2,0.17820767181322408,0.15,0.13550979627185564,0.25,0.24797561003001767,0.2,0.20702302958260638,0.175,0.1537584534740394,0.15,0.13480947705874585,0.23854357962099937,-0.09518718167726947,C,0.0775634323106646
0.2,0.1818908176081348,0.0,0.0,0.2,0.2126948380302983,0.05,0.053734113206760296,0.125,0.10537196276523772,0.05,0.04360678742820382,0.04188950479274922,-0.08619542195339946,C,0.0720532163412019
0.15,0.11255183882326705,0.1,0.07395931767934776,0.15,0.13732792524722634,0.05,0.0442433487894976,0.2,0.17781698440282245,0.075,0.05616130297179909,0.038734406776432584,-0.03132744562388623,C,0.089133444821504
0.3,0.3677255283398082,0.15,0.16079182475934042,0.25,0.2910657941739633,0.15,0.14465448898414787,0.175,0.2068388017155471,0.125,0.12403221133295309,-0.09537113033045275,-0.13921331893735167,C,0.0718884955539608
0.15,0.1420285303743156,0.05,0.049804593334411756,0.1,0.08212155562979284,0.0,0.0,0.075,0.07040253966204697,0.025,0.030051514840631365,0.06729708975517235,-0.033840415118054024,C,0.0738009071221551
0.05,0.04591885432468604,0.05,0.04591885432468604,0.15,0.14573012303618116,0.1,0.11391660680847045,0.125,0.10965825679283772,0.1,0.09675939728273306,0.044612902699938894,-0.13936424318636953,C,0.0746397700753656
0.1,0.10300646643623612,0.1,0.10300646643623612,0.15,0.12085783134628236,0.1,0.08939226062330347,0.075,0.0625636668499671,0.05,0.046275094880509154,0.08906201475467523,-0.11653703926836179,C,0.0869280000624017
0.1,0.16351513709629453,0.05,0.12752810325343483,0.1,0.15446012065161643,0.1,0.15446012065161643,0.075,0.10151841603545678,0.075,0.10151841603545678,0.12993639321247286,-0.06629732695471313,C,0.0762355182916438
0.05,0.03251387112617497,0.05,0.03251387112617497,0.15,0.17484708339549457,0.15,0.17484708339549457,0.1,0.12842048663244587,0.1,0.12842048663244587,0.22462054980057822,-0.0599508838849121,C,0.0806817375421535
0.1,0.11600977291236576,0.0,0.0,0.1,0.12671934555173445,0.1,0.12671934555173445,0.075,0.08308903428745001,0.075,0.08308903428745001,0.18519280741176214,-0.10760298021230508,C,0.0892417482559607
0.15,0.11105514693160365,0.1,0.06618939047318782,0.1,0.07371043906359892,0.05,0.026814025921832612,0.175,0.18941332882947257,0.1,0.10647300065392594,0.10472142504922499,-0.0499364650513896,B,0.0626542498930534
0.25,0.22670878466190997,0.15,0.14958595704662941,0.15,0.10950066450297377,0.05,0.05121794126610595,0.175,0.1510616789123929,0.125,0.10984671920442401,1.1859190480409239,-0.06988180543009759,C,0.0887979711613698
0.15,0.13432498207174354,0.1,0.08384206350417309,0.05,0.04978018241399129,0.0,0.0,0.05,0.04257071042392293,0.0,0.0,0.004239142391752937,-0.03813995273924786,C,0.0736355912234595
0.05,0.03777484791389587,0.0,0.0,0.1,0.07735077359751084,0.0,0.0,0.175,0.14424171935265817,0.075,0.058241480774583486,0.21703099683922544,-0.07234020990241063,C,0.0677951388769091
0.1,0.07531094725659478,0.1,0.07531094725659478,0.1,0.11529248257978691,0.1,0.11529248257978691,0.075,0.07754275600997632,0.075,0.07754275600997632,0.18630128759404463,-0.05753406880701406,C,0.0894685341735209
0.2,0.23016959603974058,0.15,0.18459955412584517,0.1,0.13035487662511802,0.05,0.0882132150843252,0.075,0.08996277077359965,0.05,0.07184053166970765,0.062188984582947304,-0.09618669890265097,C,0.082095592174375
0.1,0.13301253785328698,0.05,0.07268576368618351,0.1,0.05461928023016483,0.05,0.03505190486071775,0.125,0.10106441508520456,0.1,0.09253295578752778,0.053703793003214484,-0.06702817287644047,C,0.0826534874242541
0.15,0.17746446781527211,0.15,0.17746446781527211,0.25,0.27803155351007514,0.2,0.1742380427279342,0.2,0.21086357921726376,0.15,0.13989036218256642,0.04376561260160505,-0.12633143077417208,B,0.0754029789530313
0.1,0.09689948618673871,0.1,0.09689948618673871,0.15,0.15371623350554134,0.1,0.10247179876035722,0.1,0.09947887310951127,0.075,0.07530158704858411,0.12724274816620618,-0.06798576853510352,C,0.0896178851732961
0.0,0.0,0.0,0.0,0.25,0.19990368653985544,0.2,0.16321453168821157,0.2,0.1432420039799755,0.15,0.10524448443174382,0.7531009277338583,-0.06710900382805363,C,0.0778306893783138
0.15,0.16604079678286696,0.15,0.16604079678286696,0.05,0.05597165903744298,0.05,0.05597165903744298,0.15,0.14868053226989333,0.05,0.05611642372872239,0.11370752376404214,-0.09077832573352507,B,0.0875701254586131
0.2,0.2139342913968686,0.1,0.07171270057274454,0.25,0.2380276417184039,0.2,0.15579664929959755,0.225,0.2210734479547658,0.15,0.12877151551805238,0.0920804200034877,-0.07340411308194805,C,0.0714377700631026
0.1,0.0794251037558265,0.1,0.0794251037558265,0.15,0.14396699607135197,0.05,0.04931685901500114,0.1,0.09529169189116131,0.05,0.04806787760363136,-0.00352300399358485,-0.06971274088073709,C,0.0690911901004858
0.05,0.05372563218157299,0.05,0.05372563218157299,0.05,0.04409376147136766,0.05,0.04409376147136766,0.075,0.07472190516099682,0.05,0.05430211527509757,0.17794198561847363,-0.04136661764616334,C,0.0837269474467024
0.15,0.1313590223348459,0.1,0.0995427323354352,0.05,0.06581935158319667,0.05,0.06581935158319667,0.05,0.045152029066663414,0.05,0.045152029066663414,0.06766385358884963,-0.04265102679467547,C,0.079952589833023
0.15,0.14069936632472035,0.1,0.08242728260909749,0.15,0.10923343305365975,0.05,0.021761231422822096,0.125,0.10765638396551357,0.075,0.062111000654043486,-0.009406161637527166,-0.17336777004982773,C,0.0642981822562766
0.05,0.05165114468035042,0.05,0.05165114468035042,0.05,0.06076384311864526,0.05,0.06076384311864526,0.075,0.12943910152663932,0.075,0.12943910152663932,0.02753589324436212,-0.0779716112271659,C,0.0828893274132544
0.1,0.0977283725388961,0.1,0.0977283725388961,0.1,0.05986846388034782,0.1,0.05986846388034782,0.125,0.10141886884732988,0.125,0.10141886884732988,0.18207730816369105,-0.09418976957066971,C,0.0705847067310437
0.15,0.1460746158963712,0.1,0.09754562208489774,0.05,0.05675092344945426,0.05,0.05675092344945426,0.075,0.06461172046132167,0.05,0.04991438351968312,0.05242238280903,-0.051486963861767654,C,0.0654400873903066
0.15,0.13083602984877502,0.15,0.13083602984877502,0.1,0.08695192198642786,0.1,0.08695192198642786,0.125,0.1700745003551443,0.075,0.11616540805706754,-0.1821174951893556,-0.34983785395732736,B,0.0698108252735056
0.1,0.13015075588672867,0.05,0.04286027369547901,0.05,0.07631281484804486,0.0,0.0,0.1,0.1462597784410004,0.05,0.08373874815396054,0.2755625211269501,-0.1573881053854297,C,0.0734224157720483
0.15,0.12738464817916692,0.05,0.038703652812013566,0.05,0.043014361475631945,0.05,0.043014361475631945,0.125,0.11867322505318488,0.1,0.09474364609937365,0.07339182129251665,-0.028522687005145042,C,0.0778053938760553
0.15,0.12819475374442954,0.1,0.08207645376908253,0.15,0.10713954470974989,0.1,0.07692684233848944,0.175,0.16879067608224047,0.1,0.10131324042745038,0.11872730593851566,-0.03660816353481433,C,0.0628555752642752
0.15,0.1535017803973084,0.15,0.1535017803973084,0.1,0.10260788966630857,0.05,0.046998848698843784,0.05,0.052415473519908995,0.025,0.02400855253384417,0.054588675144527476,-0.02275247519384216,C,0.066192644081187
0.15,0.1499769934289097,0.15,0.1499769934289097,0.2,0.270538422180532,0.15,0.23091867682063222,0.15,0.1890757584696541,0.125,0.16733631845451827,0.08310284805467227,-0.09621013419532709,C,0.0819769286488233
0.15,0.09120364545722465,0.15,0.09120364545722465,0.05,0.024009446892857896,0.05,0.024009446892857896,0.05,0.026856947644262615,0.05,0.026856947644262615,0.20072996528836384,-0.07631565098217208,C,0.0854153462755214
0.3,0.3276072951485754,0.15,0.15321096562143083,0.15,0.19260051378830217,0.05,0.06289714475002646,0.1,0.09131045521193602,0.05,0.03850049808043159,0.0066057602179505626,-0.08234427568049985,C,0.0837246125438401
0.05,0.034073555026048016,0.05,0.034073555026048016,0.15,0.18650064201596267,0.1,0.11965599865389362,0.1,0.09883717998976303,0.075,0.06982898323151777,0.04980733638814483,-0.11767432073598616,B,0.0661286477811798
0.1,0.13769313989444307,0.05,0.09182303463878108,0.1,0.08392715466694493,0.1,0.08392715466694493,0.075,0.054592389353431664,0.075,0.054592389353431664,0.14822462536976633,-0.062158730281784424,C,0.0847183855819772
0.15,0.16099922277533293,0.0,0.0,0.1,0.07561402362708577,0.0,0.0,0.1,0.06820074581063311,0.025,0.022488970777602844,-0.030639884173210508,-0.12753437434016912,C,0.0624693240358349
0.2,0.21518799960525017,0.15,0.16132215724413684,0.1,0.07785916311188104,0.1,0.07785916311188104,0.1,0.08751445915782582,0.075,0.06370835920468222,0.047934988461211026,-0.041301220672864014,C,0.0659916285942526
0.2,0.20399342226380493,0.2,0.20399342226380493,0.3,0.31302310626893776,0.3,0.31302310626893776,0.15,0.1676339134840768,0.15,0.1676339134840768,-0.016020181333900485,-0.07163995578859528,C,0.0846448735770296
0.15,0.17916268829829826,0.1,0.1186736397946692,0.2,0.196937273074931,0.15,0.1430462806913011,0.125,0.1341179366787225,0.1,0.10372505270794172,0.1112173846193194,-0.0822583797390315,C,0.0629308555855457
0.25,0.23986605184256085,0.15,0.1411325336736347,0.2,0.21920702518900004,0.15,0.17260946016621231,0.25,0.25196241984524415,0.175,0.18481866174370273,-0.07861056521443255,-0.09591334655956263,C,0.0763719519249092
0.2,0.3442670260373742,0.0,0.0,0.1,0.0928974524991407,0.1,0.0928974524991407,0.075,0.06332811182070129,0.05,0.04481214604169177,0.22730771722519116,-0.05533351870920944,C,0.0758611552144082
0.25,0.24363821926630036,0.25,0.24363821926630036,0.15,0.12385584671756607,0.1,0.08941368313434202,0.15,0.1256049903279793,0.075,0.0684831228672651,0.030075455686123576,-0.07868520888982888,C,0.0605984877551646
0.15,0.08148786534640469,0.1,0.047231426881494426,0.3,0.32788712791734437,0.2,0.16041602523529325,0.15,0.2019523123699792,0.1,0.09880347375403853,0.09654308430284786,-0.0515058782265565,B,0.0731039908067607
0.05,0.04108829914759288,0.05,0.04108829914759288,0.2,0.1721571534163327,0.2,0.1721571534163327,0.2,0.18351017437376957,0.2,0.18351017437376957,0.11895647035880397,-0.02022737296705135,C,0.0651894495576831
0.25,0.2282361308677098,0.2,0.19379283589809906,0.2,0.18451305146514177,0.1,0.11373160959839873,0.15,0.11960699835945252,0.1,0.08943369535776986,0.16019172994513808,-0.05021959847153812,C,0.0723040345024605
0.05,0.05422500729595642,0.0,0.0,0.1,0.07881489729787754,0.1,0.07881489729787754,0.125,0.10182816103897874,0.1,0.07881676739836263,0.11654181981503386,-0.03612414625007676,B,0.0625339725938386
0.05,0.03397615938411297,0.05,0.03397615938411297,0.15,0.1146159892756741,0.1,0.07253172063254541,0.15,0.1274481560173644,0.075,0.061653306139828314,0.004586587098003747,-0.08791201056098497,C,0.0708252429430882
0.15,0.18322195433730845,0.1,0.12581188006666558,0.05,0.036915255396211544,0.05,0.036915255396211544,0.1,0.13720816121694698,0.1,0.13720816121694698,-0.013852303419851109,-0.05496140786663095,C,0.074906222205035
0.15,0.18637123938446395,0.05,0.10000383760566886,0.25,0.274174724961001,0.1,0.15235906892676687,0.175,0.19628490431471604,0.075,0.09907962916327544,0.05455058765261933,-0.04316521551979868,C,0.0714331705496458
0.1,0.0642255685255224,0.05,0.03795914191194025,0.0,0.0,0.0,0.0,0.1,0.08960928301674927,0.1,0.08960928301674927,0.14134815726041539,-0.1543942827867073,C,0.0737709587490203
0.15,0.1246862433026765,0.15,0.1246862433026765,0.15,0.13142961789516416,0.15,0.13142961789516416,0.125,0.1225748839049343,0.075,0.05901240417413225,-0.12086323559639434,-0.18530101738005889,C,0.0659319174671882
0.3,0.2983538606240969,0.1,0.09800062902225612,0.05,0.053010856758121526,0.05,0.053010856758121526,0.05,0.0700701176746675,0.025,0.023142773500117633,-0.023281905907717837,-0.10470211145305885,C,0.06744507988259
0.1,0.10314986621555591,0.05,0.04287099174661315,0.15,0.1690492659152152,0.1,0.08584702615734713,0.15,0.17139761251909902,0.075,0.06198239167025341,0.051054547581440346,-0.1608340962308894,C,0.0889352236370999
0.05,0.043406811647444636,0.05,0.043406811647444636,0.15,0.12044575616341405,0.1,0.07476251545152218,0.125,0.08827042519082971,0.075,0.04104492505332021,0.2274862787119667,-0.1013523906713022,C,0.0624683280904285
0.1,0.0985702717699259,0.1,0.0985702717699259,0.25,0.2295664763539689,0.15,0.12100172642722862,0.15,0.14405216923055086,0.1,0.089821988007127,0.014653892405099178,-0.10387620019059962,C,0.0793300004180517
0.2,0.15513249570849502,0.1,0.07509172040063664,0.15,0.123889577609134,0.05,0.036723838601932006,0.075,0.05006932800641129,0.025,0.014841748241452377,0.11578389210608342,-0.0852038577814408,C,0.0647784419283544
0.1,0.0747131273712257,0.1,0.0747131273712257,0.05,0.042813410385064796,0.05,0.042813410385064796,0.075,0.06341355604148319,0.05,0.04701628899373912,0.24899891576827993,-0.09540659368942683,B,0.0706993740340907
0.05,0.013138751492658774,0.05,0.013138751492658774,0.15,0.1101535917815554,0.15,0.1101535917815554,0.125,0.10811704345491396,0.1,0.08946965741367356,0.240451928798731,-0.03787330489867835,C,0.0875551776452964
0.05,0.0422903337155231,0.05,0.0422903337155231,0.1,0.09706298761268378,0.1,0.09706298761268378,0.075,0.07155193655700308,0.075,0.07155193655700308,-0.11412367067341345,-0.21888167657698088,C,0.0783630514940474
0.2,0.1519806622071702,0.1,0.07483497447997087,0.15,0.10882573316389041,0.05,0.040686892384796544,0.1,0.07093197078453144,0.025,0.01689656434835214,-0.009719609581032684,-0.19591023904188054,C,0.0809438469437898
0.1,0.08891365011305295,0.05,0.045925319955039214,0.2,0.2328218322243265,0.15,0.19425166010315686,0.125,0.1381549945069047,0.1,0.1192002876071321,-0.07695209214311904,-0.14474384882419544,C,0.0878200362927912
0.1,0.06976806146623174,0.1,0.06976806146623174,0.1,0.06638046210985908,0.1,0.06638046210985908,0.125,0.11115244944020211,0.075,0.05668391340210603,0.2194026090750012,-0.2906936381117361,C,0.0693990202629344
0.0,0.0,0.0,0.0,0.05,0.025999498846482852,0.05,0.025999498846482852,0.05,0.03627567916947086,0.05,0.03627567916947086,0.1490586734776953,-0.0792478606712117,C,0.0700309384005534
0.15,0.13835296567450728,0.1,0.08832480312196801,0.05,0.05370941748717906,0.0,0.0,0.1,0.08984717868594339,0.075,0.0662823533752658,0.12382165284412738,-0.14141561318015416,C,0.0862216581897894
0.1,0.08397781536252415,0.05,0.04697852369043661,0.2,0.18873323728689284,0.1,0.11291533975272336,0.175,0.1498107981427678,0.125,0.11856921913608978,0.038292507125030406,-0.036878770699670826,C,0.0796804461413147
0.15,0.1472228899302771,0.05,0.04751906867844149,0.15,0.13454916834656258,0.1,0.0988526838770446,0.2,0.17137795035931347,0.15,0.13279580485898188,-0.059092995933358594,-0.06938019908496762,C,0.0715407390765039
0.1,0.07354371144551657,0.1,0.07354371144551657,0.2,0.1474744794389324,0.15,0.11194179162697392,0.175,0.15809338971026332,0.125,0.09600445016369477,0.05609446512615013,-0.03369431052875116,B,0.0790995035388182
0.25,0.23163026375251305,0.2,0.1856521615263986,0.2,0.1964534013483712,0.15,0.14727989927119364,0.175,0.14914769486486537,0.125,0.11083677849134413,0.4177407541498732,-0.02936093036213283,C,0.0671714247723091
0.2,0.14431583346273172,0.1,0.08904727018067486,0.35,0.3268326101063583,0.2,0.2078435557636399,0.2,0.17136326479839353,0.125,0.12017826784899804,0.1520598351317881,-0.041332155343900556,C,0.0779060711014009
0.2,0.19620329513348783,0.1,0.10362422356962213,0.1,0.09390470994294932,0.05,0.04882043861417846,0.1,0.07691189038987306,0.05,0.03825011298398536,0.3346277607652206,-0.07719299087913423,C,0.0644989930220429
0.25,0.25539626953973976,0.2,0.21106308603552718,0.25,0.24538453120146447,0.15,0.14032211648119305,0.2,0.19649820950501368,0.125,0.11867612916979955,0.0840600288798734,-0.022853050539369812,C,0.0810338351828935
0.25,0.2685923995529723,0.15,0.15861024487292733,0.2,0.2523021412865428,0.15,0.16981612384339537,0.15,0.15936971599742966,0.125,0.11984570822980777,0.08207954082893543,-0.04507633714778769,B,0.0609824228273962
0.2,0.16577609461007986,0.2,0.16577609461007986,0.15,0.164380623771296,0.1,0.11369327901200346,0.125,0.13343418091436102,0.075,0.08137260838411756,0.09014744096247407,-0.0207303661715188,B,0.0762171437166644
0.05,0.0623228477254697,0.05,0.0623228477254697,0.2,0.2232789064917434,0.2,0.2232789064917434,0.2,0.20346065011062045,0.175,0.18741484832604835,0.07020582269033171,-0.10377946290873796,C,0.0770519938119893
0.2,0.2283085947508756,0.15,0.18927227097884197,0.25,0.2845089002385109,0.2,0.24571777742255255,0.175,0.19809313546786772,0.1,0.1122707027022597,-0.027525880796753777,-0.06900193096496898,B,0.0833376806870776
0.25,0.25526411650537834,0.2,0.2218204736307515,0.2,0.24846591790168582,0.2,0.24846591790168582,0.1,0.13538494965010064,0.1,0.13538494965010064,0.05486945711289559,-0.01180569590749192,C,0.0664529635225935
0.15,0.1183309201056342,0.1,0.08093958619048158,0.1,0.06419550715828845,0.1,0.06419550715828845,0.125,0.10323136523441559,0.05,0.03593169577327138,0.048456128029594536,-0.07920104904457081,C,0.0618781896796755
0.15,0.13276407639147786,0.1,0.09309270152485441,0.1,0.08424142005540755,0.1,0.08424142005540755,0.075,0.09033654856700521,0.075,0.09033654856700521,0.10580944691597227,-0.12232925306544629,C,0.0665694647842204
0.0,0.0,0.0,0.0,0.0,0.0,0.0,0.0,0.025,0.018527801053129376,0.0,0.0,0.07585466998906543,-0.09692941859048232,C,0.0894367804417053
0.15,0.12703467353755646,0.1,0.08444231933828324,0.05,0.04038784862886541,0.05,0.04038784862886541,0.075,0.0660656727254626,0.05,0.045341287142378395,0.14022076829290686,-0.07247175196064393,C,0.0653606922956266
0.15,0.16222983028225704,0.1,0.12251956122411507,0.1,0.08312522682961825,0.05,0.03855673061503532,0.075,0.05965170523478415,0.05,0.03965160221409638,0.05164177346373178,-0.07834746706382623,B,0.0716462118883999
0.1,0.07846821439609508,0.05,0.03702671573639873,0.05,0.04395037578459857,0.05,0.04395037578459857,0.15,0.12659016050081703,0.075,0.044920845025877995,-0.07820681503900406,-0.1272788203472235,C,0.0862499605487998
0.0,0.0,0.0,0.0,0.05,0.07448556281985688,0.0,0.0,0.05,0.0720120355716671,0.025,0.030548829883326495,0.2419737509601072,-0.01958092602576178,B,0.0829253829539503
0.15,0.20318744517009454,0.1,0.16005154011112194,0.1,0.0920158868589513,0.05,0.04427102064302668,0.1,0.09691756761213075,0.05,0.04562641583465566,0.017296594539228494,-0.04718975902382949,C,0.0832229034989841
0.2,0.20294462737973581,0.2,0.20294462737973581,0.15,0.13539363971647841,0.15,0.13539363971647841,0.1,0.10053165533532951,0.075,0.05691986264693582,0.09730701591653101,-0.052311095140030406,C,0.0683718888657354
0.05,0.04146197839964162,0.05,0.04146197839964162,0.15,0.09048983474499146,0.1,0.053553013687760116,0.125,0.09510610637308851,0.05,0.020459713740768704,0.172788696861796,-0.06026780868927406,C,0.0683098649403961
0.2,0.19156593103325767,0.15,0.14303106510565028,0.25,0.23972869911204356,0.2,0.1890642549854833,0.25,0.25522455307525727,0.2,0.17386355329363085,0.04864519763249442,-0.04124529457626969,C,0.0659676096826715
0.1,0.06682419205857346,0.05,0.029088433606295743,0.1,0.0713557065144406,0.05,0.0368551104609962,0.125,0.1068908548986986,0.05,0.05633862272916684,0.28947184101107304,-0.13429226688895202,C,0.0751080951567861
0.1,0.08426802597742086,0.05,0.03460048601519984,0.1,0.07727496664219494,0.1,0.07727496664219494,0.1,0.08207164024121236,0.1,0.08207164024121236,0.5326110783332227,-0.12340557206653413,C,0.0848467821745992
0.25,0.2553479333283504,0.1,0.07940055310561328,0.15,0.1651244914852661,0.05,0.04251763211551961,0.1,0.11565965676793889,0.05,0.03933030577520993,0.0458604128431479,-0.12565600738815208,C,0.0676154174535698
0.1,0.14389177309576937,0.1,0.14389177309576937,0.05,0.03354964891537514,0.0,0.0,0.175,0.16654882207837737,0.125,0.1181236998915465,0.049720251645627656,-0.15359127190574984,C,0.0789830983248992
0.1,0.0856773889234026,0.1,0.0856773889234026,0.1,0.08352942530190492,0.1,0.08352942530190492,0.05,0.037013195598747745,0.05,0.037013195598747745,0.10124666669391691,-0.045385139521664786,C,0.0721705614015826
0.1,0.08575314434018766,0.1,0.08575314434018766,0.15,0.12524839504385926,0.1,0.08032168477425074,0.1,0.08132019021464851,0.075,0.060039593137189554,0.027221982160735347,-0.11028366683771607,B,0.0670146868430262
0.2,0.19893609725259584,0.1,0.06398808482807897,0.2,0.2100149412275239,0.1,0.0678638455972744,0.225,0.23200050539340758,0.125,0.11003258318503976,-0.03658652239785232,-0.10290678128374675,C,0.08795613421728
0.1,0.08149320660723866,0.05,0.048177068518596024,0.1,0.07649574186587767,0.1,0.07649574186587767,0.1,0.08905053702808934,0.1,0.08905053702808934,-0.038923192482311686,-0.15033121799494198,B,0.0615239535898064
0.1,0.11208812950134509,0.1,0.11208812950134509,0.1,0.07450130061511649,0.05,0.03818394097452132,0.1,0.08497941918581332,0.075,0.06515148067129202,0.24481088294673148,-0.07827641600329649,C,0.084402177599286
0.25,0.2818347565928643,0.15,0.17920085696995272,0.2,0.24638297226312833,0.15,0.18526485184708724,0.25,0.24278976591978715,0.2,0.18628510847854132,0.08542627731832253,-0.08935960201618687,C,0.082313487781585
0.2,0.18511931068018586,0.15,0.14137408890721384,0.2,0.18503751037151597,0.15,0.15283364846544126,0.175,0.15874258683331535,0.125,0.1239140995922654,-0.017849414996113477,-0.15462460989907767,C,0.0647775366419338
0.2,0.19873060332511328,0.15,0.1705916352054306,0.15,0.17866573027302868,0.05,0.07571042243904917,0.125,0.13490272778143644,0.075,0.07631901217341533,0.24660660993407135,-0.04938503282946072,C,0.0722699872645311
0.15,0.15215381759598667,0.1,0.09835355442127539,0.15,0.14260264911100767,0.05,0.05125162920836054,0.1,0.10423888642683571,0.05,0.05192712204361073,0.05754920432116073,-0.1371808598940104,C,0.0749194526047663
0.0,0.0,0.0,0.0,0.1,0.08745595050593181,0.1,0.08745595050593181,0.1,0.08629527078206602,0.075,0.07111114332621782,0.09091494810568435,-0.2858625805104962,B,0.0712456862534183
0.2,0.19608089256223815,0.2,0.19608089256223815,0.35,0.33231574910920497,0.35,0.33231574910920497,0.2,0.18107118698277358,0.175,0.1565797599297583,0.3878957875999778,-0.0966057657228725,C,0.0830244905773418
0.2,0.19104316160317703,0.15,0.14800874765533448,0.1,0.06375404803591218,0.1,0.06375404803591218,0.1,0.07625439717606962,0.1,0.07625439717606962,0.05997667489011249,-0.0956542781670856,C,0.0829929039112848
0.15,0.1664190879731809,0.05,0.058861465711743687,0.2,0.19826343746779765,0.05,0.05634488077307288,0.225,0.1259720621572675,0.075,0.06588460487727214,-0.3031915601124263,-0.7397708523019675,C,0.080555270726843
0.1,0.06689704145872448,0.1,0.06689704145872448,0.1,0.06199406771444446,0.1,0.06199406771444446,0.175,0.15669027831156737,0.1,0.09360936120955626,0.08061869288245882,-0.05223626410901472,C,0.0773079423321245
0.25,0.2091137270574842,0.2,0.163673012758794,0.2,0.15557885828251783,0.15,0.11509527799460179,0.225,0.1930815621068884,0.175,0.14228881548467423,0.2313546582534738,-0.17827052039033342,C,0.0698528913135984
0.25,0.31730243830303007,0.1,0.09297948425529967,0.2,0.21740058070574475,0.05,0.03879981479527071,0.2,0.21842297355087834,0.075,0.06340157390054509,0.32147738891716515,-0.1222070345591042,B,0.0890841913107618
0.1,0.11473614418051555,0.05,0.06645317327592455,0.1,0.07196287531884815,0.1,0.07196287531884815,0.175,0.10759018837752733,0.15,0.09914032357746269,0.1747393124353378,-0.09871607751759337,C,0.0669742686939816
0.1,0.07990237819108167,0.05,0.03245830522248834,0.1,0.07672887075930991,0.1,0.07672887075930991,0.05,0.03853204706610005,0.05,0.03853204706610005,0.17060849693821933,-0.059283980008006165,C,0.0758873131457753
0.1,0.09680512063566511,0.0,0.0,0.1,0.12515958630544527,0.05,0.07249024913032784,0.1,0.0779052734375,0.075,0.05960795084635417,0.15233806233182157,-0.0633505832167437,C,0.0849517446585542
0.3,0.29019061396125034,0.15,0.1642256648623583,0.25,0.29930616330700044,0.15,0.17617563927321545,0.225,0.21823766528835117,0.125,0.13347364177519747,0.05866416889213477,-0.059130452256535904,B,0.0631511797658636
0.1,0.08052604839110226,0.05,0.04336769307480423,0.05,0.04624330474501741,0.05,0.04624330474501741,0.075,0.08268669473664463,0.05,0.05089925184431674,-0.03110858221961954,-0.07915876546203704,C,0.0823729029626441
0.2,0.15153226724909916,0.2,0.15153226724909916,0.25,0.28721276304759813,0.25,0.28721276304759813,0.125,0.13172935596900145,0.125,0.13172935596900145,-0.1822440048710472,-0.345056013796903,B,0.0726692252798189
0.0,0.0,0.0,0.0,0.05,0.06002684510904812,0.05,0.06002684510904812,0.125,0.11455661513181747,0.1,0.09035282343454702,0.6275221033269465,-0.14940366562001606,C,0.0601788173037513
0.2,0.16587585702042565,0.1,0.08926626553349522,0.2,0.17191525541747446,0.1,0.08805022226945729,0.15,0.12633424927492032,0.075,0.055083769065416996,-0.06503543445896542,-0.11361484380274323,C,0.0616762896416658
0.15,0.13117328601365738,0.15,0.13117328601365738,0.2,0.1766407008287499,0.2,0.1766407008287499,0.125,0.09830161750400276,0.125,0.09830161750400276,0.0008663410580189712,-0.1374652461850694,C,0.084468210710596
0.1,0.22943624005585314,0.0,0.0,0.05,0.03490231940653699,0.0,0.0,0.1,0.09374934021084019,0.05,0.05284484844744505,-0.01814816028675681,-0.12963983620427888,C,0.0610357384550932
0.0,0.0,0.0,0.0,0.05,0.05550316890617897,0.0,0.0,0.1,0.1034463985539505,0.05,0.054056809151442904,-0.012173973156234252,-0.0874957538888419,C,0.0807617733010121
0.2,0.20301850530987478,0.1,0.09434438896814075,0.0,0.0,0.0,0.0,0.05,0.04969948581391382,0.025,0.03038815400327431,0.04775805976850278,-0.05508531002879857,C,0.0609635339417935
0.2,0.18641725751667831,0.2,0.18641725751667831,0.25,0.2387606527357595,0.1,0.07763682896023934,0.2,0.18834763416200315,0.1,0.0949135075688825,0.05306621890115748,-0.08250864900364774,C,0.0648315130358968
0.15,0.13420422265793966,0.15,0.13420422265793966,0.1,0.0833641940093868,0.1,0.0833641940093868,0.075,0.061191097941894,0.075,0.061191097941894,-0.03325092395282103,-0.15021059274632997,C,0.0856659361287731
0.2,0.1989122623636245,0.1,0.09140425948912262,0.2,0.2303783860957492,0.1,0.11118529622957635,0.15,0.22375814714481132,0.075,0.07457319689939114,0.09653051502641485,-0.07359343515556827,C,0.0709890063553713
0.0,0.0,0.0,0.0,0.05,0.04098522017469538,0.05,0.04098522017469538,0.125,0.10304833956285171,0.1,0.08640122383521932,0.09154400927711337,-0.07823507762620752,C,0.0644106397782357
0.1,0.06609456518366497,0.05,0.038201662817688456,0.25,0.21224374743345029,0.2,0.18259857710091967,0.225,0.19710590074767884,0.175,0.15579350299615688,0.02555135822686938,-0.05916347155542423,C,0.0716010159745737
0.15,0.1664872094209387,0.15,0.1664872094209387,0.2,0.16069260520990752,0.2,0.16069260520990752,0.175,0.18131044848575376,0.15,0.12978569961537026,0.08610989744900777,-0.03298438803824433,C,0.0696821706124728
0.15,0.2114492942351024,0.1,0.15581599996843098,0.15,0.11605392564925657,0.1,0.0661134014264268,0.2,0.19954847266729098,0.1,0.10466176770875449,0.3612361248396525,-0.0777016771010074,C,0.0642636000864852
0.25,0.1507388423872035,0.25,0.1507388423872035,0.25,0.12868669018580983,0.25,0.12868669018580983,0.2,0.1508159133855994,0.175,0.11255958001768819,0.2432666507720942,-0.08293052424774505,C,0.0782965420368167
0.3,0.27139687524934375,0.1,0.0894141935080962,0.15,0.12223513780257433,0.1,0.07285397078284217,0.2,0.187427327594578,0.1,0.10161671132057942,0.17508096509866755,-0.10380953834170392,B,0.0689921885022159
0.05,0.04939274291845282,0.0,0.0,0.1,0.08258395737237438,0.0,0.0,0.1,0.0771423646005706,0.05,0.03373673255419689,0.19851391082761594,-0.1210189584095327,C,0.0764635727739833
0.1,0.04844479443288674,0.05,0.030249810425499932,0.1,0.05674295186179293,0.05,0.03543133079407359,0.05,0.024408722461952352,0.025,0.015241250083651207,-0.0002329861672170086,-0.07274710665514561,C,0.0882580576873833
0.05,0.03827064195114196,0.05,0.03827064195114196,0.15,0.1247963157049198,0.1,0.0578845903746261,0.075,0.06186794703317917,0.05,0.02869636616358427,0.1924157843348111,-0.08144099644079783,C,0.0889673378916627
0.05,0.03397594367425723,0.0,0.0,0.05,0.038416938177546385,0.0,0.0,0.1,0.09156432053309227,0.05,0.042681575341308765,0.1127567039037154,-0.01726477894108147,C,0.0870658039792835
0.15,0.1587315844192005,0.1,0.09628084420323212,0.2,0.2176861215338153,0.1,0.10438306488514688,0.15,0.15758174463923252,0.1,0.09267750861310568,0.043087636870410284,-0.1041023568605679,C,0.082303921770204
0.2,0.23119957859526238,0.1,0.11911639835004968,0.15,0.1865517948348736,0.1,0.1254573250901151,0.125,0.14067451688480342,0.1,0.10777902688872844,0.21693820848896328,-0.04834432853174697,C,0.0700936845137717
0.15,0.15181850505559108,0.1,0.1153244037540118,0.2,0.22103360580721038,0.15,0.15032188650852538,0.2,0.2020184799394295,0.15,0.15452126696776577,-0.011792070569654034,-0.09231425037790297,C,0.0856413094732144
0.05,0.04929728261721096,0.0,0.0,0.1,0.08436502871729419,0.05,0.047031188475064156,0.05,0.04829009809727656,0.025,0.026920404575489516,0.24827541438543865,-0.05963156858322982,C,0.0885172952134156
0.15,0.12122723709697272,0.1,0.07501473798773022,0.15,0.151013790063598,0.1,0.10034718445712716,0.125,0.12802863601206357,0.075,0.06935883753140308,0.11644279546735947,-0.01911716237726324,C,0.0647127745010475
0.15,0.17250845510411122,0.05,0.04300598654165349,0.1,0.10704429714688868,0.05,0.06764502047088441,0.15,0.1505778630449044,0.075,0.07370977239109051,-0.04483925752670692,-0.057800050149878546,B,0.0806809950712609
0.05,0.04489655465817238,0.05,0.04489655465817238,0.15,0.13875632842561586,0.15,0.13875632842561586,0.15,0.164967648492557,0.125,0.12066586189303945,0.17099679720477856,-0.13713974061776713,C,0.0891326539028853
0.05,0.03043693814469497,0.05,0.03043693814469497,0.15,0.16251226261560883,0.1,0.08879551344209494,0.1,0.10481477697537304,0.075,0.06298322941043498,0.09956942785865563,-0.22744701905130327,C,0.0608317182809744
0.1,0.08077454443798536,0.1,0.08077454443798536,0.0,0.0,0.0,0.0,0.1,0.06997151555751624,0.075,0.03974140701163886,-0.014803565285918752,-0.29935320606361093,C,0.0635795949587664
0.25,0.24910592644316287,0.1,0.11140122362070906,0.2,0.2088780985453409,0.15,0.17502747450223965,0.2,0.19991766852012932,0.15,0.17048840156218897,-0.012828054411590628,-0.17098297260464757,C,0.0796612357768019
0.2,0.15417731670656076,0.1,0.07246127239583461,0.15,0.13043902505440444,0.05,0.041565213839489336,0.175,0.15039219393346262,0.1,0.09490331814289393,0.19559996098742505,-0.16282587047858887,C,0.0620731754991083
0.15,0.13733419073435535,0.15,0.13733419073435535,0.25,0.2328476745229551,0.15,0.1620529201446529,0.225,0.18817404076911567,0.175,0.16024220806378708,-0.28550936059508825,-0.4336159146373688,B,0.0748699234026434
0.25,0.2785862415393047,0.2,0.21932742108086917,0.15,0.17534367899412873,0.15,0.17534367899412873,0.075,0.06627271904877505,0.075,0.06627271904877505,-0.033336753945862,-0.44971081650212963,B,0.0889188141158821
0.2,0.22029916564934185,0.2,0.22029916564934185,0.3,0.3182896959706317,0.2,0.22310588125259398,0.3,0.28584859106167265,0.2,0.17215242709546297,-0.1881465185466621,-0.596269556521007,B,0.0773266233761773
0.1,0.11525065469168869,0.05,0.0714748901655554,0.15,0.1612915901348605,0.05,0.056356959837992965,0.2,0.19985908350793608,0.15,0.15481106389894334,-0.12726938087424955,-0.5413715815172675,B,0.0625772385909586
0.15,0.11493628063062271,0.05,0.037833525453373984,0.05,0.04196615087377896,0.05,0.04196615087377896,0.1,0.08326057657562629,0.075,0.06437280348833314,0.02749110057504156,-0.08663419763526814,C,0.0657313773882381
0.1,0.0762812508861919,0.05,0.04893154258834206,0.05,0.05018804762756786,0.05,0.05018804762756786,0.05,0.05288497188233212,0.025,0.019776402761909874,1.0201844823904738,-0.12390851817229054,B,0.0863048103533778
0.0,0.0,0.0,0.0,0.05,0.04242263580155469,0.0,0.0,0.125,0.1281877421958029,0.05,0.06047619027749323,0.15238956730675235,-0.0897200965067454,C,0.0868137295750783
0.2,0.2541523100246541,0.2,0.2541523100246541,0.2,0.2269210130481807,0.15,0.19235014610737153,0.15,0.15516433331864987,0.125,0.13720620720881413,0.013915830041082433,-0.2514181795987216,C,0.0777153650846713
0.0,0.0,0.0,0.0,0.05,0.03917425397923327,0.05,0.03917425397923327,0.125,0.12929318253408142,0.1,0.09841319485450052,0.30864191398737173,-0.2244357104001793,C,0.0826773880748173
0.2,0.22625777742513506,0.1,0.16781900024317656,0.1,0.12991887286518017,0.1,0.12991887286518017,0.1,0.11058372124261646,0.075,0.08153398704871247,0.2268466680020711,-0.209902673976052,C,0.0641331470825208
0.25,0.24644196577917102,0.15,0.18202460590682845,0.15,0.17537390887186924,0.1,0.14304637899990622,0.15,0.142960734542868,0.1,0.11172808617290067,0.26651419787736796,-0.08153771941368315,C,0.0634201566160065
0.15,0.1133104695418343,0.1,0.06157707441995007,0.15,0.12096803981277154,0.1,0.09354382153631419,0.15,0.12281873319404005,0.1,0.09442498229961677,2.4688427232524766,-0.259679539954626,C,0.0869605016776618
0.1,0.0733266433018315,0.05,0.03269954341258135,0.0,0.0,0.0,0.0,0.1,0.10786752570116266,0.075,0.0756582005073491,0.41428588745321715,-0.2244357104001793,C,0.0859451884596003
0.1,0.07983496418881543,0.1,0.07983496418881543,0.0,0.0,0.0,0.0,0.0,0.0,0.0,0.0,0.3717323717939902,-0.1277855210319394,B,0.0891247632118795
0.2,0.20606654427036267,0.2,0.20606654427036267,0.2,0.15023219847127153,0.2,0.15023219847127153,0.175,0.10527505847873254,0.125,0.062399325535279666,0.3718788202757177,-0.14492254745845445,C,0.0662054381586104
0.2,0.20277250953172354,0.15,0.15767719229641217,0.15,0.13677640435687186,0.1,0.0964526111509345,0.1,0.13781133538320572,0.05,0.040504068908604474,0.12549955235076338,-0.10431554901996332,C,0.0620065122134039
0.1,0.06503278325102599,0.05,0.033906926842790244,0.15,0.1056581996845194,0.1,0.07026806377741791,0.1,0.07069486988975987,0.05,0.032023345543858966,0.09917448721742916,-0.10799203749558461,C,0.0750692836409494
0.05,0.02801941567148357,0.05,0.02801941567148357,0.15,0.15039858436250214,0.1,0.09072266488295533,0.175,0.19076763502875121,0.125,0.13601333828033907,0.12899597765071724,-0.11921766331129335,C,0.0835603359616429
0.1,0.07090978636788985,0.1,0.07090978636788985,0.15,0.10262228359243285,0.1,0.08053417941477643,0.225,0.19385208551502434,0.15,0.12168228084499857,-0.14896947974633112,-0.22746353490776472,B,0.0619217668003027
0.1,0.09729590649836553,0.05,0.04163745869088619,0.05,0.050807750241695065,0.0,0.0,0.1,0.09957461685382052,0.075,0.074891584457311,0.38055357288225244,-0.18930350282568176,C,0.0776828928465003
0.0,0.0,0.0,0.0,0.0,0.0,0.0,0.0,0.125,0.11027717409826009,0.1,0.0932320025586108,0.09572958462014336,-0.041690114383675314,C,0.0755859248198402
0.1,0.0758322086901965,0.1,0.0758322086901965,0.1,0.13675825681211162,0.1,0.13675825681211162,0.125,0.14380966182335014,0.075,0.09331086480164082,0.11213493835893451,-0.16616074205994769,C,0.0775046709268427
0.15,0.13682678062483106,0.05,0.05236749455128973,0.2,0.20252003932244403,0.15,0.16610221674876846,0.175,0.165574733134784,0.125,0.12074427665801775,0.05832036564325138,-0.08505064468559398,C,0.0651141451017726
0.2,0.20303452479428796,0.1,0.11303763091722822,0.2,0.18692169579624615,0.1,0.12629499598885505,0.2,0.21357590342176763,0.15,0.16524444628696888,0.7362345421756402,-0.11474964133553034,C,0.0615880945910262
0.15,0.14484022798006815,0.15,0.14484022798006815,0.1,0.09669610827331583,0.05,0.05357823963623038,0.125,0.12515025533837118,0.05,0.05025993216497845,0.08591221783270875,-0.07571870315787477,C,0.0699224954261243
0.1,0.08829385920844712,0.1,0.08829385920844712,0.1,0.1020307997593439,0.1,0.1020307997593439,0.05,0.04887711323421221,0.05,0.04887711323421221,0.011006491904589577,-0.07118080724645015,C,0.0874445340202266
0.2,0.19940979842532286,0.15,0.15530283648420717,0.2,0.28676255574237886,0.05,0.11667245412676365,0.25,0.2489525765592268,0.1,0.11322448922101402,0.4751984874777908,-0.13281640537257122,B,0.0659225167702024
0.2,0.2183048532897048,0.2,0.2183048532897048,0.2,0.2205583533605163,0.15,0.1797045878000702,0.125,0.11564997969518481,0.075,0.07391646911412,0.15158961514641733,-0.04196141454018443,C,0.0627966453947529
0.15,0.10987763569919366,0.1,0.072576937863319,0.1,0.07442298259547131,0.1,0.07442298259547131,0.15,0.14025476551188318,0.125,0.10475823047228527,0.461466045493665,-0.09962395209610564,C,0.0875240141127224
0.3,0.29396261609037144,0.15,0.14262761065023982,0.25,0.24535361407328793,0.1,0.0708047939617282,0.175,0.17150456840504752,0.1,0.08038411183440292,0.11705285924911824,-0.19372302839142663,C,0.0628777354130649
0.2,0.22199839869169705,0.2,0.22199839869169705,0.15,0.17243839201814415,0.1,0.09099630524301268,0.1,0.09763267508413201,0.05,0.043016054272417954,0.03610397128788412,-0.12143245131478642,C,0.0818110163555466
0.15,0.14836375732878707,0.05,0.03740035662483215,0.15,0.11982565276612121,0.15,0.11982565276612121,0.175,0.16375677980408368,0.175,0.16375677980408368,0.7541589720483515,-0.24036897622468756,B,0.070991528479156
0.05,0.03313010622282992,0.05,0.03313010622282992,0.1,0.09607394747133076,0.1,0.09607394747133076,0.125,0.12721841114223542,0.125,0.12721841114223542,0.5629547028588682,-0.15162948135594356,B,0.089517399055103
0.15,0.22117521673527873,0.15,0.22117521673527873,0.1,0.07203007378414857,0.1,0.07203007378414857,0.1,0.05945053929144158,0.1,0.05945053929144158,0.14796515660718867,-0.2669500292805921,C,0.0750624316106056
0.1,0.13053261217112325,0.05,0.062145938355648286,0.25,0.23091624674562378,0.2,0.1719083781720383,0.15,0.12391054853775625,0.1,0.07793462700174873,0.09240155951697204,-0.12406193694298173,C,0.0654827358554838
0.05,0.061113062254481126,0.0,0.0,0.05,0.038358045368340685,0.05,0.038358045368340685,0.125,0.12355900714293956,0.1,0.10629738399935379,0.13276435466882752,-0.07410262326908901,C,0.0607215717342288
0.15,0.14144075274970797,0.15,0.14144075274970797,0.15,0.12988444694868706,0.15,0.12988444694868706,0.175,0.15314504346148228,0.15,0.12080905471657791,0.7139201059955336,-0.08865869721993946,C,0.0693511776811455
0.2,0.18664493734730997,0.1,0.07949969743712464,0.1,0.09080299984560185,0.05,0.03291977524543787,0.125,0.12013446492051273,0.1,0.09650111663964517,0.4128319143880741,-0.07992697548772876,C,0.0696844905998946
0.2,0.24174295606501414,0.1,0.08052122354213291,0.15,0.17493551243589073,0.1,0.08720805694636105,0.125,0.13576349644211066,0.075,0.05100153049505716,0.03463234810622384,-0.20702949779643443,C,0.061041042397178
0.15,0.1277472464790982,0.1,0.050693913125483894,0.2,0.19525786996659722,0.15,0.13621246775332346,0.125,0.1131609251175128,0.1,0.09026910309550071,0.7154310566428368,-0.38496408309599084,C,0.0706022871327932
0.25,0.2587721270509593,0.2,0.22450473674212357,0.25,0.25808713905625585,0.15,0.1746787475727949,0.15,0.14970568737184528,0.1,0.11100960485947305,0.34801320202956565,-0.19004310266776248,C,0.079539183254552
0.25,0.16740015430652772,0.15,0.08565856391260748,0.25,0.230783229813268,0.2,0.19208564782148105,0.2,0.18169492484763916,0.175,0.164194220222061,-0.19496424723749484,-0.3628884794827206,C,0.0759920426358825
0.05,0.04082243341901093,0.05,0.04082243341901093,0.1,0.10351617700756303,0.1,0.10351617700756303,0.075,0.08159142077777565,0.075,0.08159142077777565,0.09066846017827257,-0.07037262896283347,C,0.0844764439269824
0.15,0.14592862555479377,0.05,0.0729722512900083,0.15,0.17525380134452614,0.1,0.1434434986525359,0.15,0.16002190553086842,0.1,0.10574647490890542,0.10406598162372771,-0.08512069705697722,C,0.0794303824501755
0.2,0.16601704955400826,0.15,0.12967476317271862,0.1,0.09322284411604774,0.1,0.09322284411604774,0.1,0.08767903620986363,0.1,0.08767903620986363,0.09597041868178424,-0.3316615360707361,C,0.0840244320177581
0.3,0.3090344140575228,0.25,0.2751464325290645,0.15,0.14651542242813512,0.1,0.10357265997554418,0.15,0.1431507705886488,0.1,0.10114025054479313,0.2158900007569302,-0.03366795836577907,C,0.0846669455812671
0.1,0.07392440848556926,0.05,0.036582409332036436,0.15,0.10057414994097116,0.1,0.06787880096152511,0.1,0.08307719715658751,0.075,0.06119892022136219,0.1826588628451129,-0.06720412835478762,C,0.0869613401208688
0.1,0.06163758822731169,0.05,0.026538191325080174,0.05,0.05023965859681981,0.0,0.0,0.05,0.04623176440143579,0.025,0.008485740423541784,0.09868666140970306,-0.2606510927964646,B,0.070572532771966
0.0,0.0,0.0,0.0,0.05,0.053285533299936697,0.0,0.0,0.075,0.0682529501151605,0.05,0.042250435100903455,0.20752832669002874,-0.13435554374867742,C,0.0818978698299792
0.1,0.11211547393618922,0.05,0.05708214409759337,0.15,0.18769958860994607,0.05,0.06407743627136095,0.1,0.10624739026586907,0.05,0.0494795023971059,0.176129761474894,-0.0766747228109027,C,0.0789224078826225
0.15,0.09741806723145315,0.1,0.07717240465699103,0.15,0.12513578134664324,0.1,0.09644860618332098,0.1,0.06959176738086258,0.075,0.05870482458855005,0.031283724999712215,-0.2687834963858532,C,0.0746591820368885
0.15,0.13561317771517278,0.1,0.09790682075164338,0.05,0.05225533742095501,0.05,0.05225533742095501,0.125,0.12080724078180219,0.1,0.0989076679184069,0.2232841832758241,-0.15993895243097644,C,0.0630752885804153
0.05,0.09347318461467002,0.05,0.09347318461467002,0.1,0.07298012068186036,0.0,0.0,0.125,0.09111273122008771,0.025,0.02032425433462201,0.2771831466156647,-0.18147499285249158,B,0.0892808002271387
0.15,0.19889006055001868,0.1,0.1651335487651406,0.1,0.11718427708860285,0.1,0.11718427708860285,0.1,0.08624203722348227,0.1,0.08624203722348227,1.0110695636976552,-0.22831138272842533,C,0.0728008776739606
0.2,0.16388404257430125,0.2,0.16388404257430125,0.15,0.13905209263579985,0.15,0.13905209263579985,0.175,0.12871216211221295,0.15,0.11028725549021272,0.0671599881676761,-0.22077437977314218,C,0.0756915174632216
0.0,0.0,0.0,0.0,0.0,0.0,0.0,0.0,0.05,0.04740783404726891,0.025,0.02085024492031335,0.22845460165993248,-0.1361901825321551,B,0.0629444882742353
0.15,0.14169956635445732,0.05,0.06428142322184102,0.15,0.13932218527422652,0.1,0.10143067382658907,0.15,0.1524832699751308,0.1,0.0958460338021456,0.000876667666375397,-0.09522618672309147,C,0.0807457918823422
0.05,0.030608666836211745,0.0,0.0,0.15,0.17450633593419262,0.1,0.1479226870451773,0.125,0.14207866560768073,0.05,0.07741163757812138,0.03504077786976878,-0.05991012622589187,C,0.0724795153322999
0.1,0.10564946460227598,0.1,0.10564946460227598,0.15,0.1562697759924333,0.15,0.1562697759924333,0.075,0.08633843702988626,0.075,0.08633843702988626,-0.02536874443362147,-0.07162865958280273,C,0.0696966134587544
0.05,0.05501444115456577,0.05,0.05501444115456577,0.1,0.15170120182559443,0.05,0.059250301049727123,0.05,0.08079305404503835,0.025,0.031555536260014984,0.08433777364466843,-0.03761926019396178,C,0.0732703295028808
0.25,0.2100564626888448,0.2,0.1759441880285279,0.25,0.2822817369148011,0.2,0.23903362976097642,0.175,0.16423007734060246,0.125,0.12185931867352318,0.008620965877628173,-0.1406493163298489,C,0.0860274328773511
0.35,0.367845255304279,0.2,0.22192251528391618,0.15,0.15064297551868092,0.1,0.11478395526728825,0.125,0.11151477297555815,0.1,0.09523357340422799,0.11762704087169129,-0.04555146996745307,C,0.0659888276256553
0.05,0.054955039779930825,0.05,0.054955039779930825,0.05,0.02397112225915762,0.05,0.02397112225915762,0.1,0.06935181747258162,0.075,0.052516600028668564,-0.0443317916306043,-0.08948705929237344,C,0.0823177441208588
0.1,0.10031687155925785,0.05,0.05958832117756412,0.15,0.13175758492296472,0.1,0.08681515557674929,0.075,0.0700033791763039,0.05,0.04612527056899433,0.2377308608041666,-0.08325530100294043,B,0.0704698957675673
0.05,0.03302448898880146,0.05,0.03302448898880146,0.1,0.08130411349254629,0.1,0.08130411349254629,0.225,0.20389143496572953,0.1,0.09480825663414529,0.28452615096200207,-0.06978594786955195,B,0.0862205860759514
0.05,0.054812891142626864,0.05,0.054812891142626864,0.1,0.0904483701834381,0.1,0.0904483701834381,0.1,0.08891123875606642,0.1,0.08891123875606642,-0.24462952085122713,-0.2910051872712466,B,0.0743508936648864
0.1,0.08827529660089693,0.1,0.08827529660089693,0.15,0.1400961797664924,0.1,0.10068007447437045,0.075,0.05900003117586541,0.05,0.042400353404904494,-0.1370930864438361,-0.201813921289828,B,0.0712741911252543
0.1,0.08341813742860019,0.05,0.04010317298231711,0.1,0.09130390506233013,0.05,0.0459083710745248,0.075,0.05850718616741961,0.05,0.03754658092163706,-0.2748065123570804,-0.3631832679285303,C,0.0751917326512358
0.05,0.0442365587376553,0.05,0.0442365587376553,0.2,0.1596035638093655,0.15,0.11079117042877329,0.125,0.10852550634856047,0.075,0.058111749611778674,0.10829858530265102,-0.14638362260195725,C,0.0754966481751601
0.1,0.08413473609187583,0.1,0.08413473609187583,0.2,0.22667549852198243,0.2,0.22667549852198243,0.175,0.1852550640720561,0.175,0.1852550640720561,0.10655927027051448,-0.08474196605382867,C,0.0723821930568061
0.1,0.13629850363220292,0.05,0.061082476472465994,0.2,0.19982879528054048,0.05,0.06067224603125273,0.15,0.15354356103104902,0.075,0.07320373602194154,-0.021859876750249807,-0.12801888470333112,C,0.0852905464381037
0.25,0.27157998846122144,0.25,0.27157998846122144,0.25,0.28805757230100865,0.2,0.24348655876850445,0.2,0.20785243060763461,0.175,0.1865555681186241,0.14717433958367265,-0.06177406697105481,C,0.0624637359271945
0.15,0.12972844478751278,0.15,0.12972844478751278,0.15,0.15171849550392888,0.15,0.15171849550392888,0.2,0.19976119763649625,0.15,0.1490435912037576,0.09163056443801176,-0.11294501040657678,C,0.0753948253977301
0.1,0.07079845558599783,0.1,0.07079845558599783,0.1,0.12446872771829619,0.1,0.12446872771829619,0.125,0.12871799782981017,0.075,0.0861884593539351,0.21693566842300416,-0.06679875323226048,C,0.0626283876795854
0.1,0.09650887648837768,0.1,0.09650887648837768,0.0,0.0,0.0,0.0,0.05,0.03447339720570126,0.025,0.01961704744424468,-0.04786002878157747,-0.1544636209785495,C,0.0704382924823306
0.1,0.10827759297255873,0.1,0.10827759297255873,0.15,0.17353357693228566,0.15,0.17353357693228566,0.075,0.08991109854929862,0.075,0.08991109854929862,0.14466996770287643,-0.377571009272311,C,0.0899640334382193
0.2,0.22026352922926043,0.05,0.06369858524679217,0.1,0.09387373808497737,0.05,0.05195149916192461,0.1,0.1052628205432223,0.05,0.055381855732687744,-0.0074396964911391805,-0.14385702722328608,C,0.0606178710986733
0.05,0.043488555359285155,0.05,0.043488555359285155,0.15,0.16033240233252857,0.15,0.16033240233252857,0.1,0.09585857033859019,0.1,0.09585857033859019,0.026597462996406085,-0.32157656641121535,C,0.066367656234723
0.2,0.18357757844843103,0.2,0.18357757844843103,0.1,0.13243817574667818,0.1,0.13243817574667818,0.15,0.15013991270082083,0.125,0.13024870945159378,-0.038534036993627896,-0.2760761062186201,B,0.0875639960493391
0.1,0.10500380936470934,0.05,0.06495662892737908,0.3,0.34280647814771364,0.25,0.31143067688663717,0.225,0.21692615060356057,0.175,0.18285322537280013,0.011515561278997222,-0.06642438260528494,C,0.0651844178686819
0.05,0.03543914279749355,0.05,0.03543914279749355,0.05,0.04147107471222034,0.05,0.04147107471222034,0.05,0.02689528949665149,0.05,0.02689528949665149,0.14882783191724758,-0.06403263788621827,C,0.06594525130486
0.15,0.11794228288207673,0.05,0.0392537324778788,0.05,0.037132755926704765,0.05,0.037132755926704765,0.175,0.17614103949384202,0.125,0.12486020185027162,-0.05926929102839629,-0.20508639687024632,C,0.08865234313366
0.05,0.041041483827401304,0.05,0.041041483827401304,0.15,0.14177862826065063,0.05,0.03513546177862826,0.075,0.07452630910217112,0.025,0.018469047959383554,0.10239100193885164,-0.060481747034130895,C,0.0820105567136491
0.2,0.17668032346491752,0.15,0.1361148816373618,0.1,0.09317319503496428,0.05,0.05948653394125726,0.125,0.12348706607556953,0.075,0.08706143995694533,0.009746625188479241,-0.2293819726630283,C,0.0884556891167947
0.15,0.1529931385602499,0.05,0.059634697040337144,0.1,0.09655708470498296,0.05,0.0537324040008802,0.1,0.10045411957756785,0.05,0.049281282588568856,-0.040698377577304545,-0.34534814950792414,C,0.0746705962397383
0.0,0.0,0.0,0.0,0.1,0.08674367127486564,0.1,0.08674367127486564,0.1,0.07895394085734568,0.075,0.0629542310263173,0.1403699061428334,-0.29861725049814924,B,0.0882876575234011
0.1,0.11696355410767405,0.05,0.058068104505703516,0.1,0.12516813764923496,0.05,0.05547600362407289,0.075,0.08062545306212009,0.05,0.04930457150493753,0.10286467986346826,-0.08586437241243872,C,0.0681006677648126
0.0,0.0,0.0,0.0,0.05,0.0666221004945547,0.05,0.0666221004945547,0.15,0.1448612717696828,0.125,0.12795137203047516,0.2863654724001834,-0.14026770726672189,B,0.082332381236015
0.25,0.3389291543421028,0.1,0.06079736019827696,0.2,0.27236052820796713,0.05,0.03150631262515942,0.2,0.22167713763757074,0.075,0.05531049027907737,0.11645601103168901,-0.04492005270048849,C,0.0832511088178109
0.05,0.048603756521384364,0.0,0.0,0.15,0.1399276950394318,0.05,0.046762273447123,0.125,0.13263612177487044,0.05,0.05106706391699508,0.17496521134427856,-0.03820829631824041,C,0.0635938584304479
0.35,0.43688455469711895,0.3,0.3613567030047875,0.25,0.32315208629312764,0.2,0.2850140511363383,0.225,0.24526208970492994,0.15,0.18256722919597224,0.18947579634109002,-0.045782990929326584,C,0.0872795474908819
0.05,0.0458229913989555,0.0,0.0,0.15,0.13187797958000597,0.05,0.05642852341093051,0.1,0.08637439023780637,0.025,0.02865259247568985,0.03975409427407617,-0.09318631057574411,C,0.0616670410683779
0.05,0.031051255916873195,0.05,0.031051255916873195,0.0,0.0,0.0,0.0,0.0,0.0,0.0,0.0,0.31912614206683476,-0.08684087468958235,C,0.0687409554370034
0.05,0.043314619216698706,0.05,0.043314619216698706,0.2,0.22857732185583454,0.15,0.14239432358846016,0.15,0.16560896741348208,0.1,0.10303913815569145,0.004283571749096993,-0.10993551363351017,C,0.0721833861212775
0.2,0.20455778321105333,0.15,0.16302065363813992,0.1,0.08027690306409778,0.1,0.08027690306409778,0.125,0.11605544023719847,0.1,0.08456169736820358,0.11692673422743005,-0.1324877960785723,B,0.0646554008894234
0.25,0.24648902107024023,0.2,0.20269636195177798,0.2,0.16215901854147427,0.15,0.12671281953406296,0.125,0.09448151651839254,0.1,0.07885401535749974,-0.06658710312181637,-0.1618436555980276,C,0.0835611061653673
0.15,0.12930901293145972,0.1,0.09227742234516033,0.2,0.17640169661459013,0.15,0.14183343498424844,0.15,0.15710526357456928,0.125,0.14135554897580146,-0.001146401338890879,-0.07980675653892666,C,0.0696591344735049
0.15,0.12908762200261412,0.15,0.12908762200261412,0.25,0.28705607957924534,0.2,0.25195110687314565,0.225,0.23275479991873674,0.2,0.21716228892827436,0.07791821072920335,-0.08514785454227569,C,0.0670075635862199
0.25,0.24275345243312463,0.2,0.18441556984700763,0.25,0.23590199752023824,0.15,0.1349619950866413,0.175,0.17306446963870584,0.1,0.09490072078182607,0.33773532771195747,-0.1779832895695519,B,0.0704221660156607
0.2,0.22390980659583654,0.15,0.17132388842036453,0.1,0.11270746061905768,0.1,0.11270746061905768,0.125,0.10784664591815894,0.1,0.09293732539118932,0.2999379099652484,-0.05530668590570287,C,0.0701091195430883
0.25,0.2798284162527585,0.15,0.1818927633378063,0.15,0.1856622072915457,0.1,0.1404915604225029,0.1,0.10403374256082291,0.075,0.08414563576591721,0.3218132278873662,-0.10431800586976558,C,0.0609041164799776
0.15,0.15786945398357863,0.05,0.0437448208230956,0.0,0.0,0.0,0.0,0.1,0.07160817063041774,0.075,0.05186959687891159,0.04198208891255706,-0.053809991339610286,C,0.067754415352644
0.1,0.09735319124437714,0.1,0.09735319124437714,0.25,0.2566507566806586,0.25,0.2566507566806586,0.15,0.14699837422765943,0.15,0.14699837422765943,-0.06718728635122284,-0.21881583049376707,C,0.0787888866675691
0.2,0.143512950712356,0.15,0.10265518216843093,0.3,0.3006665600631554,0.2,0.18102528420307726,0.25,0.24700429462854848,0.175,0.16524642259843586,0.09798449740313275,-0.05868391074720136,C,0.0820643764995544
0.25,0.309710443717125,0.15,0.19194744130083619,0.2,0.18083174522325987,0.15,0.1178299258210511,0.2,0.18547017752227338,0.125,0.11170037727925419,0.08819604311779328,-0.04552589576223165,C,0.0892848143898862
0.15,0.1461801360003188,0.15,0.1461801360003188,0.2,0.20708178099151228,0.2,0.20708178099151228,0.125,0.09348275583514923,0.125,0.09348275583514923,-0.06120640229437424,-0.15075635156008993,C,0.0670413110435442
0.05,0.04556771513739487,0.0,0.0,0.1,0.11986251360029528,0.05,0.0375874008668596,0.05,0.06373135943805944,0.025,0.0199853655912515,0.052159075243909614,-0.12974693083771605,C,0.0796588573806455
0.15,0.1545543366934397,0.1,0.10846585089752574,0.1,0.10372279903464861,0.05,0.06921042712712092,0.075,0.08296480546256411,0.05,0.06002333758293345,0.10350149816858312,-0.3311572881409959,C,0.0624661007929451
0.2,0.14745220037240564,0.15,0.11057211953313048,0.25,0.206645326130667,0.15,0.11802842077208289,0.2,0.1995314169769472,0.125,0.12671417736924104,0.018067941915770103,-0.0633901110427395,C,0.0756077135893884
0.2,0.17164830313487436,0.05,0.061069452130217125,0.2,0.16605110376021062,0.05,0.03229865658543171,0.175,0.15434657264473658,0.05,0.042437477332076805,0.27680565646971345,-0.37057307003870954,B,0.0797654536667973
0.15,0.14984024446177574,0.05,0.06390415054758122,0.1,0.0976686420487506,0.0,0.0,0.125,0.11092278587654016,0.075,0.061371152060745546,-0.0182629296725777,-0.07591647290648618,C,0.0751944835441133
0.1,0.09470131425779447,0.05,0.04425831233718131,0.15,0.15503665428636743,0.1,0.10253500287925216,0.15,0.1352251409638087,0.075,0.06899605154254587,0.9176752654756848,-0.12371132140360352,C,0.0641430085357381
0.25,0.3246231894917672,0.25,0.3246231894917672,0.25,0.2706957203613651,0.25,0.2706957203613651,0.175,0.17462720298540782,0.125,0.13700505606597002,0.33865146568709914,-0.05613032630641335,C,0.0746565905508537
0.1,0.08684227047291056,0.1,0.08684227047291056,0.1,0.07716987393618648,0.05,0.027357856172847594,0.2,0.18664903115712414,0.125,0.12226102457235476,0.07051267903751013,-0.23389350594696456,C,0.087841407549608
0.1,0.08666906688573144,0.05,0.048551147615935396,0.05,0.04269597451249035,0.05,0.04269597451249035,0.075,0.06797141419936763,0.075,0.06797141419936763,0.047402430465339096,-0.08135416363152237,C,0.0884311633981486
0.15,0.17914293453724606,0.15,0.17914293453724606,0.15,0.17411017431684078,0.1,0.13107012460441647,0.25,0.2598686520119696,0.2,0.21545311748380055,0.017019786287642447,-0.05394786287642517,C,0.0857976564172433
0.2,0.17159837092299807,0.2,0.17159837092299807,0.2,0.16912952487911476,0.2,0.16912952487911476,0.175,0.1352438281719483,0.125,0.09489615901483718,0.07259519607259324,-0.0957042570747969,C,0.088672408023033
0.2,0.15864820562511203,0.2,0.15864820562511203,0.2,0.16672512120182525,0.15,0.12086297160936295,0.225,0.21270204331260484,0.175,0.1703345801566071,0.34645668957457776,-0.0562863065348751,C,0.0848982329150354
0.1,0.09496703275127569,0.1,0.09496703275127569,0.1,0.15713485478261113,0.1,0.15713485478261113,0.1,0.12075765542023739,0.05,0.0790889958218522,0.3477862242804106,-0.15908880494798838,C,0.0885167372840972
0.15,0.14781382027485468,0.05,0.02874520727778712,0.15,0.12903431966487186,0.1,0.08505017685507664,0.225,0.2142148265633058,0.175,0.16715572276837048,0.3198160111347541,-0.1318217028021993,C,0.0737295692580756
0.3,0.3520030786740055,0.15,0.18619691378236858,0.25,0.24142931238557122,0.15,0.149558687277515,0.2,0.18932076141314508,0.1,0.10672352209490939,-0.0094159605837143,-0.11232540430889215,C,0.0889866676247487
0.15,0.1449192164667011,0.1,0.10006051589199946,0.0,0.0,0.0,0.0,0.025,0.021839827128860793,0.025,0.021839827128860793,0.00847008548992112,-0.09428286055353774,C,0.0720147585272532
0.15,0.13533891620842134,0.15,0.13533891620842134,0.3,0.2584809438009781,0.25,0.2206887699158987,0.225,0.17812183256538847,0.2,0.16145864062643633,0.14861947550565358,-0.11749434780484758,C,0.0711510703048171
0.0,0.0,0.0,0.0,0.2,0.18774974923634757,0.2,0.18774974923634757,0.2,0.18358080762244486,0.175,0.1523844473293427,0.15679109848951356,-0.05694248398273882,C,0.064702290465395
0.2,0.18468166043134868,0.15,0.07414300629332096,0.15,0.1643068901320236,0.1,0.06177749333381156,0.075,0.10571775060808722,0.05,0.0397486534387505,0.17077473151542222,-0.11139701971005966,B,0.086461720724945
0.0,0.0,0.0,0.0,0.0,0.0,0.0,0.0,0.1,0.11705090164243677,0.075,0.09158264884538476,0.04469008897265625,-0.037182493052475896,C,0.0659196332540772
0.2,0.20370712408915687,0.15,0.14558793446894544,0.15,0.1285852886073691,0.15,0.1285852886073691,0.15,0.12161561553574465,0.15,0.12161561553574465,0.22094020515563573,-0.05267614842505142,C,0.0607723188517418
0.1,0.09670386465449704,0.05,0.04884096347313518,0.15,0.14190494681462687,0.1,0.0867422050393683,0.175,0.16158076609005623,0.15,0.13663655472571085,0.16325438792168145,-0.05267614842505142,C,0.087225060966241
0.15,0.13974543429098904,0.1,0.11327376933992808,0.1,0.0752230510159798,0.05,0.03868526732503815,0.075,0.05898122120074431,0.05,0.040391091084692056,-0.22747364209944687,-0.3070447398115973,B,0.0863847846824651
0.2,0.16257848268017888,0.2,0.16257848268017888,0.1,0.08141185260337948,0.05,0.0465006378380775,0.175,0.1715254798501429,0.125,0.12982683258064925,-0.01721445165979485,-0.104243614637613,C,0.0666229579569624
0.1,0.09430420101699694,0.1,0.09430420101699694,0.1,0.1151434234646858,0.1,0.1151434234646858,0.1,0.10545052746153297,0.1,0.10545052746153297,-0.018754959727806608,-0.05678657477619986,C,0.0848130781796176
0.0,0.0,0.0,0.0,0.15,0.1284056497940907,0.1,0.08933008053832045,0.15,0.14316426882905672,0.075,0.07240475863583318,0.09058440542408652,-0.19851914818477445,C,0.0601841202201164
0.2,0.19392041870985388,0.1,0.0772574359355297,0.15,0.12172805261372545,0.1,0.08891019636786221,0.15,0.11552761414466797,0.125,0.09967797997351138,0.08901404117016387,-0.03143528811387819,C,0.0681410572329853
0.15,0.14222292638326386,0.05,0.03408029416327514,0.1,0.06616877356864492,0.05,0.02367479579096057,0.1,0.0797833866526906,0.05,0.037082051732029324,0.31137629084608487,-0.08602314183382676,C,0.0781517743688275
0.35,0.43150010077646583,0.3,0.39390036391917804,0.2,0.28123407688214624,0.2,0.28123407688214624,0.1,0.1352298011474877,0.1,0.1352298011474877,0.009362242524337372,-0.0789508708808232,C,0.0828481188452019
0.15,0.11147195594794025,0.0,0.0,0.2,0.17842355346811187,0.05,0.009014505470399517,0.15,0.15182215849108327,0.05,0.023866447532300133,0.204335011963944,-0.20849640564306693,C,0.0734642563312243
0.05,0.03678877832270086,0.0,0.0,0.2,0.14197451889518586,0.15,0.07578327588888206,0.175,0.14972247946126915,0.125,0.07807339717397041,0.16008408530263218,-0.1277079836671361,C,0.0895732404004715
0.2,0.19556544795164277,0.15,0.15341475582718264,0.3,0.2960596611766824,0.15,0.13697821023810547,0.25,0.23635431733673817,0.175,0.16701515535485786,0.010179092012523538,-0.2427469714966164,C,0.0609985221587165
0.1,0.07022714370393403,0.1,0.07022714370393403,0.1,0.10785188753199407,0.0,0.0,0.175,0.1704841543366237,0.075,0.06816321593415989,-0.049363412453724775,-0.11131127559883813,C,0.0827355902445074
0.15,0.08149444991550255,0.15,0.08149444991550255,0.05,0.07970173960508828,0.05,0.07970173960508828,0.05,0.05861158432069169,0.05,0.05861158432069169,0.4025475458753911,-0.2028349893249184,C,0.0899510854922378
0.2,0.21594081518704633,0.2,0.21594081518704633,0.2,0.22434571281349258,0.2,0.22434571281349258,0.125,0.10966379546608454,0.125,0.10966379546608454,0.4042853284833854,-0.04019924073510406,C,0.0630644498746159
0.2,0.18468457568351443,0.15,0.14316727565620496,0.15,0.1454954891655659,0.15,0.1454954891655659,0.175,0.164045117877717,0.175,0.164045117877717,0.20411780245936195,-0.08558755963695852,C,0.0857964377883697
0.2,0.19991140420246903,0.1,0.1118151942133781,0.2,0.2382680548132282,0.1,0.13326897947653896,0.15,0.1582978821491953,0.1,0.10212072125790217,0.21182616501339813,-0.08132473237457105,C,0.0775702901297201
0.05,0.046011800882260326,0.05,0.046011800882260326,0.05,0.04264469579372854,0.05,0.04264469579372854,0.125,0.11165040851304081,0.075,0.07264346422233317,0.052757233461838915,-0.03849376385876324,C,0.0790082679900781
0.1,0.1350660638575022,0.05,0.09940356936186302,0.1,0.15766737039643444,0.05,0.041095941825005866,0.15,0.15800567686998032,0.075,0.057563246567536475,-0.05214580708902938,-0.12606117922615678,C,0.0818054044640698
0.1,0.10170098448519972,0.0,0.0,0.15,0.11811435315380117,0.05,0.03820737823702658,0.125,0.09790229725125328,0.075,0.06201139462685108,0.3796252207487494,-0.07789625561042024,B,0.089419086204028
0.2,0.18086088987439006,0.1,0.08553542050872179,0.1,0.07235711020302846,0.05,0.02671988018544332,0.1,0.07145766867674767,0.075,0.0504145387956843,0.037674427618910045,-0.0414248617242563,B,0.0680042678515313
0.05,0.03566097539883367,0.05,0.03566097539883367,0.1,0.08716810767570712,0.1,0.08716810767570712,0.1,0.10177782807239694,0.075,0.06364290863754804,0.2676692247121484,-0.07618898636658977,C,0.0650320701125871
0.05,0.05283551109940191,0.05,0.05283551109940191,0.15,0.1152094423115704,0.15,0.1152094423115704,0.075,0.053061412844744096,0.075,0.053061412844744096,0.40967084419898514,-0.06579809998561537,C,0.0852896792091652
0.05,0.057071301841622055,0.05,0.057071301841622055,0.05,0.047105151937315376,0.05,0.047105151937315376,0.1,0.06862791941325973,0.1,0.06862791941325973,0.135339398813755,-0.07513625275674296,C,0.0782458598757052
0.1,0.10823644548835389,0.05,0.043743394010569585,0.2,0.20689826454139026,0.15,0.15705082221792463,0.175,0.18707167027995675,0.1,0.11047281828340627,0.5005093386259893,-0.24547989486844424,C,0.0626069032801499
0.05,0.04691621849052872,0.0,0.0,0.05,0.04141601077480402,0.0,0.0,0.125,0.1313786183585248,0.1,0.11108235292467249,0.03819032597028138,-0.05418835067951522,C,0.0668623982762725
0.15,0.14482911428850406,0.1,0.09283609442715544,0.05,0.03513311172210901,0.05,0.03513311172210901,0.05,0.03635609418937386,0.05,0.03635609418937386,0.01830168643256891,-0.13197233855318802,C,0.0777280998728121
0.2,0.1175383983226358,0.05,0.02704254495625902,0.15,0.10687363311463167,0.1,0.07064810369659145,0.175,0.15201076953339046,0.125,0.10384995012153485,0.09437134140105496,-0.13214759284857647,C,0.0648599494192268
0.05,0.043548679293693215,0.05,0.043548679293693215,0.0,0.0,0.0,0.0,0.05,0.05290390231419383,0.05,0.05290390231419383,0.5153570416073905,-0.09638661048865638,B,0.0639416181012314
0.1,0.06144580020325648,0.05,0.028891273238282805,0.25,0.1537340989331146,0.15,0.08535597561257839,0.175,0.08320512487637463,0.125,0.05809861232736706,0.035477853665970116,-0.2301492040790547,B,0.0708627661956347
0.15,0.14572734367162737,0.15,0.14572734367162737,0.15,0.1174309286450275,0.15,0.1174309286450275,0.125,0.10153731114800815,0.125,0.10153731114800815,0.054603774208291656,-0.07366171548217626,C,0.0615691038193698
0.05,0.04948045734037007,0.05,0.04948045734037007,0.05,0.07470446920150539,0.05,0.07470446920150539,0.05,0.06596724738675958,0.025,0.030597909407665505,0.010605516587054442,-0.11851356967643156,C,0.0795607445990562
0.05,0.03767698250523978,0.05,0.03767698250523978,0.2,0.1788749461087232,0.1,0.09190585683863972,0.15,0.12749442304232927,0.075,0.0682079086343558,0.2457976563040951,-0.047274279076860215,C,0.083288401738086
0.25,0.194871714280188,0.2,0.15429464613837257,0.3,0.28923888726936847,0.25,0.23426726890990263,0.2,0.167687324948104,0.175,0.1428556632848576,0.010790760397789256,-0.2662299588748607,C,0.08832172175505
0.2,0.1029268009737806,0.15,0.08289844737609801,0.05,0.03428126153332736,0.05,0.03428126153332736,0.1,0.07934394393340942,0.05,0.03625228979139466,-0.0032434375635894686,-0.08661547514780843,C,0.0873975893027138
0.1,0.13439750634594672,0.0,0.0,0.15,0.19340794854984233,0.05,0.07050981861321845,0.125,0.1231559439704236,0.025,0.02832836316999213,0.3172555102673982,-0.11506919819240513,C,0.0709476382535893
0.1,0.19037514307393547,0.0,0.0,0.05,0.08268526052211647,0.0,0.0,0.05,0.07387998570298082,0.025,0.03741563298383519,0.11509372318195354,-0.11795748565050546,C,0.0796070663214902
0.1,0.08431366461171758,0.0,0.0,0.1,0.07125274035473789,0.05,0.025933946020015638,0.05,0.03891004384233243,0.025,0.014162135682356145,0.5789951560168134,-0.14744174363307283,C,0.0771715247249689
0.15,0.14159677778107713,0.1,0.10204963198732447,0.05,0.04967828141744499,0.05,0.04967828141744499,0.05,0.05729485441986535,0.05,0.05729485441986535,0.16142869638285973,-0.06082191091411704,C,0.0666873424050522
0.2,0.19349279550183618,0.15,0.1370487540251478,0.15,0.10315389248862533,0.15,0.10315389248862533,0.1,0.07651713988077921,0.1,0.07651713988077921,0.3519341087250889,-0.048036712983687724,C,0.0795383300085494
0.25,0.17658907125126558,0.2,0.14153674015653883,0.2,0.22181678376144456,0.15,0.18352371169252288,0.175,0.22780916424074982,0.15,0.2049418699502912,0.6805921355514057,-0.06961490887437083,C,0.0687335332406213
0.0,0.0,0.0,0.0,0.2,0.19832691695371524,0.15,0.1469949151397613,0.175,0.15914070263214358,0.125,0.11671091730065938,0.07811650746496746,-0.07718793241434407,C,0.0771694300158833
0.0,0.0,0.0,0.0,0.05,0.030945224805250568,0.05,0.030945224805250568,0.125,0.1434946946582267,0.075,0.08508280583511696,-0.18385557289681853,-0.24887987312041948,C,0.0666628171642201
0.3,0.280199005664954,0.15,0.13217316023318432,0.15,0.13945758496691182,0.1,0.0867431367554766,0.125,0.12873122701769374,0.075,0.06869627969754998,0.5731342569486613,-0.23006844728779374,C,0.0871604692084277
0.0,0.0,0.0,0.0,0.0,0.0,0.0,0.0,0.1,0.08974479622838422,0.05,0.04465593204773495,-0.10467986301036836,-0.16896906757739072,C,0.0625921425433281
