Date,close,high,low,open,volume
2020-08-26,3762.0,3762.0,3240.0,3240.0,35
2020-08-27,1900.0,2442.800048828125,1482.0,1905.0,35729
2020-08-28,2005.0,2135.0,1876.0,1974.0,12305
2020-08-31,2078.0,2400.0,2064.2099609375,2116.0,8595
2020-09-01,2181.0,2215.0,1882.0,2100.0,10744
2020-09-02,2085.0,2270.0,1930.0,2199.0,8940
2020-09-03,2076.0,2179.0,1990.0,2179.0,7172
2020-09-04,2066.0,2170.0,1927.0,2046.0,5821
2020-09-08,2155.0,2400.0,2005.0,2005.0,6916
2020-09-09,2060.0,2263.0,2012.0,2215.0,6476
2020-09-10,1872.0,2135.0,1868.0,2018.0,7672
2020-09-11,1887.0,1955.0,1820.0,1871.0,6755
2020-09-14,1781.0,1900.0,1721.0,1890.0,7254
2020-09-15,1586.0,1784.0,1550.0,1770.0,11717
2020-09-16,1527.0,1619.0,1520.0,1578.0,7996
2020-09-17,1410.0,1540.0,1400.0,1540.0,10050
2020-09-18,1370.0,1449.0,1294.0,1449.0,15647
2020-09-21,1320.0,1368.0,1178.010009765625,1364.0,14998
2020-09-22,1264.0,1361.0,1242.5999755859375,1361.0,9410
2020-09-23,1385.0,1435.0,1256.0,1270.0,14358
2020-09-24,1341.0,1379.0,1309.0,1360.0,9368
2020-09-25,1438.0,1487.0,1341.0,1341.0,10945
2020-09-28,1614.0,1627.5,1445.0799560546875,1470.0,11601
2020-09-29,1816.0,1888.0,1550.0,1606.0,39572
2020-09-30,1696.0,1841.0,1680.0,1806.0,11360
2020-10-01,1797.0,1852.0,1694.0,1694.0,8018
2020-10-02,1674.0,1849.0,1668.0,1744.0,7394
2020-10-05,1702.5,1762.0,1680.0,1693.0,6644
2020-10-06,1704.0,1798.989990234375,1686.0,1705.0,6492
2020-10-07,1878.0,2075.0,1746.0,1746.0,24385
2020-10-08,2000.0,2069.25,1914.0,1979.0,9925
2020-10-09,2009.0,2140.0,1990.0,2008.0,17767
2020-10-12,2178.0,2196.0,1943.0,2077.0,9284
2020-10-13,2044.0,2219.0,2024.0,2175.0,5856
2020-10-14,2116.0,2161.0,2036.0,2054.0,5435
2020-10-15,1993.0,2051.0,1974.010009765625,2051.0,6284
2020-10-16,1710.0,1886.0,1693.0,1851.0,25752
2020-10-19,1751.0,1892.0,1716.0,1757.0,6827
2020-10-20,1881.0,1907.0,1753.0,1786.0,4399
2020-10-21,1761.0,1909.0,1743.0,1908.0,4282
2020-10-22,1805.0,1810.0,1675.0,1762.0,4453
2020-10-23,1893.0,1900.0,1800.0,1820.0,2625
2020-10-26,1719.0,1899.0,1707.0,1888.0,3428
2020-10-27,1697.0,1741.699951171875,1663.0,1720.0,2594
2020-10-28,1652.0,1687.5,1600.0,1661.0,3808
2020-10-29,1729.0,1776.0,1625.0,1653.0,2594
2020-10-30,1620.0,1716.0,1591.0,1714.0,3197
2020-11-02,1660.0,1700.0,1601.0,1650.0,2467
2020-11-03,1713.0,1723.0,1660.0,1665.0,3508
2020-11-04,1551.0,1713.0,1531.0,1700.0,6857
2020-11-05,1687.0,1733.0,1605.0,1625.0,6321
2020-11-06,1694.0,1800.0,1641.0,1774.0,4631
2020-11-09,1682.0,1895.0,1674.0,1813.0,6154
2020-11-10,1828.0,1918.0,1720.0,1720.0,6846
2020-11-11,1877.0,1887.0699462890625,1800.0,1856.0,6387
2020-11-12,1898.0,1999.0,1866.1800537109375,1921.0,7492
2020-11-13,1822.0,1942.0,1790.0,1939.0,9793
2020-11-16,1859.0,1915.0,1826.0,1829.0,3637
2020-11-17,1869.0,1887.0,1793.0,1827.0,4530
2020-11-18,1988.0,2036.0,1887.0,1887.0,6976
2020-11-19,1955.0,2001.0,1908.0,1971.0,5911
2020-11-20,1803.0,2016.0,1760.6600341796875,1996.0,16057
2020-11-23,1868.0,1870.0,1780.0,1825.0,6181
2020-11-24,2204.0,2210.0,1873.0,1879.0,15961
2020-11-25,2320.0,2360.0,2100.030029296875,2118.0,9754
2020-11-27,2509.0,2650.0,2339.0,2375.0,9148
2020-11-30,2442.0,2726.0,2406.0,2500.0,17205
2020-12-01,2679.0,2694.0,2425.0,2466.0,10097
2020-12-02,2487.0,2677.0,2457.0,2600.0,9070
2020-12-03,2586.0,2639.0,2480.0,2520.0,4267
2020-12-04,2786.0,2873.139892578125,2604.0,2625.0,9049
2020-12-07,2813.0,2842.0,2674.0,2815.0,4230
2020-12-08,2714.0,2813.0,2580.0,2800.0,10024
2020-12-09,2528.0,2768.0,2514.0,2699.0,4681
2020-12-10,2628.0,2672.0,2450.0,2481.0,2732
2020-12-11,2506.0,2620.0,2410.0,2583.0,3382
2020-12-14,2562.0,2618.0,2472.0,2520.0,3147
2020-12-15,2738.0,2769.989990234375,2596.0,2596.0,4674
2020-12-16,2745.0,2812.0,2628.0,2765.0,3515
2020-12-17,2648.0,2842.0,2612.0,2773.0,3899
2020-12-18,2888.0,2986.0,2691.0,2691.0,16363
2020-12-21,3160.0,3212.0,2807.0,2858.0,7063
2020-12-22,3679.0,3728.0,3271.0,3280.0,9668
2020-12-23,3532.0,3710.0,3526.0,3681.0,6147
2020-12-24,3529.0,3565.0,3320.0,3473.0,2779
2020-12-28,3034.0,3799.0,2960.0,3709.5,12990
2020-12-29,2814.0,3141.0,2680.0,3137.0,12187
2020-12-30,2950.0,3093.0,2870.010009765625,2901.0,18550
2020-12-31,2837.0,3045.0,2823.0,3007.0,4236
2021-01-04,3078.0,3122.0,2860.0,2926.0,4630
2021-01-05,3023.0,3235.989990234375,3008.0,3101.0,4592
2021-01-06,3264.0,3480.8701171875,3142.0,3251.0,10655
2021-01-07,3703.0,3863.0,3359.0,3359.0,8818
2021-01-08,3585.0,3874.0,3459.0,3839.0,6531
2021-01-11,3687.0,3799.0,3330.0,3359.0,4338
2021-01-12,3798.0,3910.0,3721.0,3726.0,5769
2021-01-13,3756.0,3825.0,3454.0,3775.0,6802
2021-01-14,4033.0,4088.0,3691.0,3692.0,6755
2021-01-15,3636.0,3950.0,3582.0,3932.0,5959
2021-01-19,4123.0,4132.0,3708.0,3751.0,7840
2021-01-20,4218.0,4580.0,4144.0,4194.0,10148
2021-01-21,4800.0,5000.0,4233.0,4233.0,12079
2021-01-22,4769.0,4792.0,4460.14990234375,4647.0,7537
2021-01-25,4411.0,4927.0,4211.0,4925.27978515625,10699
2021-01-26,4416.0,4564.990234375,4405.0,4502.0,2946
2021-01-27,4575.0,4688.0,4145.0,4286.0,9885
2021-01-28,4278.0,4543.0,4002.010009765625,4543.0,6328
2021-01-29,4060.0,4348.0,3901.0,4235.0,6385
2021-02-01,4017.0,4151.0,3684.0,4030.0,8326
2021-02-02,4336.0,4400.0,3928.010009765625,4059.0,5144
2021-02-03,4187.0,4388.0,4115.0,4361.0,6469
2021-02-04,4457.0,4500.0,4200.0,4250.0,6278
2021-02-05,4679.0,4739.0,4407.0,4481.0,3207
2021-02-08,5058.0,5220.0,4725.0,4738.0,5712
2021-02-09,5514.0,5679.0,5040.0,5040.0,5886
2021-02-10,5199.0,5797.0,5171.0,5548.0,8528
2021-02-11,5060.0,5500.0,4842.0,5500.0,5113
2021-02-12,5017.0,5156.0,4902.0,5000.0,3568
2021-02-16,4803.0,5060.0,4757.0,5000.0,3491
2021-02-17,4503.0,4785.0,4351.0,4785.0,5446
2021-02-18,4137.0,4512.5,4010.0,4300.0,4640
2021-02-19,4097.0,4396.009765625,4076.0,4255.0,5619
2021-02-22,3629.0,4068.0,3544.0,4068.0,7114
2021-02-23,3503.0,3719.800048828125,3160.0,3396.0,12635
2021-02-24,3573.0,3700.0,3380.0,3599.0,5290
2021-02-25,2964.0,3728.0,2926.0,3605.0,11490
2021-02-26,3367.0,3401.0,2905.0,3008.22998046875,9570
2021-03-01,3555.0,3584.0,3351.0,3506.0,6162
2021-03-02,3354.0,3599.0,3322.0,3559.0,3159
2021-03-03,3051.0,3390.5,2990.0,3353.0,4951
2021-03-04,2847.0,3099.989990234375,2727.0,2954.0,8709
2021-03-05,2821.0,2885.64990234375,2459.0,2785.0,10156
2021-03-08,2898.0,3086.989990234375,2819.0,2819.0,5137
2021-03-09,3352.0,3465.0,3002.0,3085.0,5859
2021-03-10,3340.0,3656.0,3218.0,3527.0,6234
2021-03-11,3775.0,3795.0,3408.0,3421.0,5956
2021-03-12,3745.0,3787.0,3525.0,3694.0,4268
2021-03-15,4000.0,4189.0,3702.0,3726.0,6413
2021-03-16,3848.0,4115.0,3727.0,4115.0,4202
2021-03-17,3701.0,3826.0,3540.0,3697.0,3910
2021-03-18,3241.0,3685.0,3200.5,3624.0,5834
2021-03-19,3269.0,3394.389892578125,3175.0,3314.0,11671
2021-03-22,3310.0,3451.0,3285.0,3310.0,2876
2021-03-23,3091.0,3322.0,3058.0,3301.0,3177
2021-03-24,2879.0,3172.0,2855.0,3125.0,4495
2021-03-25,2917.0,2985.0,2700.0,2853.0,5021
2021-03-26,3056.0,3103.0,2888.0,2944.0,3424
2021-03-29,2850.0,3091.409912109375,2805.0,3061.0,3566
2021-03-30,2987.0,3056.0,2804.0,2804.0,6526
2021-03-31,3156.0,3190.0,3005.0,3069.0,4282
2021-04-01,3196.0,3313.0,3126.93994140625,3313.0,4408
2021-04-05,3010.0,3381.0,3006.010009765625,3350.0,5963
2021-04-06,2855.0,3055.0,2830.0,2968.0,12793
2021-04-07,2457.0,2717.0,2453.0,2700.0,24622
2021-04-08,2312.0,2518.0,2243.0,2518.0,17042
2021-04-09,2344.0,2415.0,2243.10009765625,2280.0,6797
2021-04-12,2165.0,2254.0,2103.0,2225.0,8591
2021-04-13,2264.0,2271.0,2046.0,2163.0,6460
2021-04-14,2288.0,2481.0,2260.0,2272.0,6764
2021-04-15,1931.0,2139.0,1893.0,2100.0,18734
2021-04-16,1807.0,1965.0,1793.0,1946.0,57704
2021-04-19,1810.0,1925.0,1801.0,1826.0,15720
2021-04-20,1800.0,1825.0,1705.0,1810.0,9287
2021-04-21,1820.0,1849.0,1753.5,1765.0,12499
2021-04-22,1956.0,2063.5,1857.0,1865.0,11589
2021-04-23,2010.0,2062.0,1944.0,2002.0,6265
2021-04-26,2062.0,2071.89990234375,1915.010009765625,2015.0,5587
2021-04-27,2002.0,2078.0,1954.0,2078.0,6042
2021-04-28,1929.0,1987.0,1901.0,1969.0,4682
2021-04-29,1872.0,1963.989990234375,1802.0,1961.0,7965
2021-04-30,1800.0,1866.4000244140625,1775.5,1844.0,6742
2021-05-03,1750.0,1838.18994140625,1718.0,1801.0,5951
2021-05-04,1667.0,1710.0,1566.0,1700.0,9516
2021-05-05,1543.0,1678.5,1539.0,1662.0,10005
2021-05-06,1603.0,1640.0,1522.0,1639.0,12682
2021-05-07,1649.0,1720.0,1620.0,1633.0,5598
2021-05-10,1556.0,1647.0,1541.0,1623.0,5160
2021-05-11,1645.0,1658.0,1411.0,1450.0,10635
2021-05-12,1525.0,1657.0,1502.0,1609.0,8812
2021-05-13,1490.0,1589.0,1440.0,1553.0,8720
2021-05-14,1559.0,1595.0,1471.5,1526.0,6969
2021-05-17,1550.0,1578.0,1503.0,1559.0,3721
2021-05-18,1644.0,1687.0,1542.0,1585.0,7716
2021-05-19,1674.0,1698.800048828125,1591.0,1599.0,5760
2021-05-20,1817.0,1842.0,1710.27001953125,1735.0,11840
2021-05-21,1640.0,1794.0,1615.0,1706.0,13922
2021-05-24,1564.0,1683.0,1541.0,1683.0,7956
2021-05-25,1543.0,1636.0,1538.0,1599.0,8505
2021-05-26,1612.0,1627.0,1525.0,1550.0,6411
2021-05-27,1619.0,1639.0,1538.0,1628.0,8042
2021-05-28,1562.0,1707.0,1543.0,1631.0,8050
2021-06-01,1597.0,1639.0,1552.0,1612.0,6092
2021-06-02,1603.0,1616.5,1551.0,1604.0,5608
2021-06-03,1547.0,1614.4200439453125,1533.0,1603.0,5497
2021-06-04,1659.0,1680.0,1561.0,1571.0,5460
2021-06-07,1629.0,1681.0,1578.0,1665.0,5892
2021-06-08,1798.0,1810.0,1650.0,1650.0,9890
2021-06-09,1795.0,1987.0,1785.0,1858.5,14836
2021-06-10,1905.0,1920.0,1751.8699951171875,1800.0,8685
2021-06-11,1942.0,1959.0,1864.050048828125,1924.0,5541
2021-06-14,1855.0,1990.0,1845.0,1969.0,9899
2021-06-15,1679.0,1861.0,1668.5,1861.0,9906
2021-06-16,1742.0,1786.0,1686.0,1696.0,8866
2021-06-17,1855.0,1875.0,1710.0,1710.0,8875
2021-06-18,1845.0,1895.0,1788.0,1844.0,20353
2021-06-21,1771.0,1850.0,1725.0,1850.0,5916
2021-06-22,1796.0,1804.0,1730.0,1772.0,4164
2021-06-23,1880.0,1893.9000244140625,1792.7099609375,1800.0,8668
2021-06-24,2026.0,2134.989990234375,1920.0,1932.0,23314
2021-06-25,2004.0,2145.0,1988.0,1994.0,30037
2021-06-28,2275.0,2284.0,1995.0,1995.0,10943
2021-06-29,2166.0,2339.0,2083.0,2303.0,20060
2021-06-30,2143.0,2219.89990234375,2107.5,2107.5,6621
2021-07-01,2070.0,2161.0,2027.0,2103.7099609375,5047
2021-07-02,2063.0,2105.0,2005.0,2063.0,5926
2021-07-06,2061.0,2130.0,2028.0,2081.0,7167
2021-07-07,2010.0,2121.989990234375,1931.0,2100.0,6630
2021-07-08,1973.0,2005.0,1847.0,1900.0,5835
2021-07-09,1930.0,2004.6400146484375,1908.0,1988.0,3911
2021-07-12,1978.0,1993.0,1924.0,1930.0,5335
2021-07-13,1848.0,1979.0,1842.0,1975.0,4662
2021-07-14,1670.0,1850.0,1639.0,1847.0,9305
2021-07-15,1613.0,1735.0,1575.0,1689.0,6550
2021-07-16,1570.0,1636.5,1553.010009765625,1634.0,6482
2021-07-19,1539.0,1586.0,1505.0,1545.0,6319
2021-07-20,1589.0,1603.0,1483.0,1541.0,4978
2021-07-21,1647.0,1705.989990234375,1604.0,1604.0,5879
2021-07-22,1585.0,1674.0,1558.0,1669.0,3479
2021-07-23,1534.0,1605.0,1505.0,1585.0,3702
2021-07-26,1529.0,1573.0,1500.0,1535.0,4282
2021-07-27,1508.0,1548.0,1458.0,1534.0,4939
2021-07-28,1608.0,1635.0,1500.0,1500.0,4782
2021-07-29,1609.0,1660.0,1582.0,1619.0,3255
2021-07-30,1590.0,1666.9000244140625,1576.0,1580.0,2060
2021-08-02,1580.0,1620.0,1572.6700439453125,1605.0,1378
2021-08-03,1631.0,1644.0,1555.0,1586.0,2358
2021-08-04,1517.0,1621.0,1490.0,1615.0,5100
2021-08-05,1507.0,1578.0,1496.0,1527.0,3331
2021-08-06,1549.0,1630.5,1495.0,1506.0,3537
2021-08-09,1600.0,1674.0,1491.0,1535.0,8362
2021-08-10,1688.0,1721.0,1622.0,1622.0,4357
2021-08-11,1632.0,1729.0,1582.010009765625,1718.0,3467
2021-08-12,1566.0,1648.0,1561.0,1635.0,3495
2021-08-13,1529.0,1583.0,1433.0,1466.0,5698
2021-08-16,1547.0,1578.0,1476.0,1488.0,4791
2021-08-17,1446.0,1519.0,1441.0,1509.0,5270
2021-08-18,1446.0,1501.0,1420.0,1453.0,3887
2021-08-19,1424.0,1454.0,1401.0,1425.0,4651
2021-08-20,1540.0,1550.0,1415.0,1420.0,3088
2021-08-23,1615.0,1644.0,1542.0,1574.0,4179
2021-08-24,1658.0,1680.5,1611.0,1615.0,2865
2021-08-25,1581.0,1678.0,1577.0,1678.0,3692
2021-08-26,1640.0,1679.0,1555.0,1560.0,2897
2021-08-27,1676.0,1693.0,1624.0,1640.0,1992
2021-08-30,1732.0,1739.0,1686.0,1698.0,3129
2021-08-31,1706.0,1773.0,1698.0,1740.0,2063
2021-09-01,1758.0,1823.0,1717.0,1723.0,4225
2021-09-02,1765.0,1813.0,1757.0,1790.0,3817
2021-09-03,1730.0,1777.0699462890625,1713.0,1749.0,2254
2021-09-07,1746.0,1827.0,1708.0,1720.0,2773
2021-09-08,1704.0,1803.6199951171875,1692.0,1773.0,2724
2021-09-09,1804.0,1817.0,1681.0,1692.0,4076
2021-09-10,1749.0,1875.0,1742.0,1826.0,3645
2021-09-13,1817.0,1895.0,1715.0,1768.0,4529
2021-09-14,1786.0,1838.0,1756.6099853515625,1826.0,2974
2021-09-15,1860.0,1866.0,1724.199951171875,1779.0,4265
2021-09-16,1849.0,1894.0,1809.0,1846.0,3510
2021-09-17,1911.0,1955.0,1765.0,1830.0,13694
2021-09-20,1759.0,1846.0,1719.0,1794.0,4322
2021-09-21,1802.0,1817.0,1753.0,1776.0,4550
2021-09-22,1899.0,1938.0,1810.0,1830.0,5603
2021-09-23,1947.0,1994.0,1817.0,1899.0,7380
2021-09-24,1896.0,1959.0,1864.0,1917.0,4917
2021-09-27,1897.0,1943.0,1823.0,1896.0,3282
2021-09-28,1811.0,1886.800048828125,1785.0,1880.0,4883
2021-09-29,1793.0,1860.0,1726.0,1814.0,13820
2021-09-30,1763.0,1949.0,1746.0,1814.0,10012
2021-10-01,1792.0,1820.0,1711.0,1772.0,4722
2021-10-04,1663.0,1777.0,1655.0,1777.0,5598
2021-10-05,1597.0,1673.0,1580.0,1630.0,7766
2021-10-06,1651.0,1661.0,1533.0,1559.0,6322
2021-10-07,1716.0,1767.0,1680.0,1680.0,5471
2021-10-08,1655.0,1714.0,1646.0,1714.0,2398
2021-10-11,1790.0,1843.0,1642.0,1642.0,6581
2021-10-12,1873.0,1922.0,1804.0,1804.0,7451
2021-10-13,1911.0,1942.989990234375,1884.0,1891.0,4171
2021-10-14,1825.0,1976.0,1802.0,1939.0,5189
2021-10-15,1780.0,1861.0,1742.0,1858.0,6368
2021-10-18,1759.0,1837.0,1724.0,1756.0,5489
2021-10-19,1823.0,1920.0,1777.0,1777.0,4623
2021-10-20,1890.0,1922.0,1782.0,1815.0,4183
2021-10-21,1918.0,1956.0,1851.0,1900.0,3589
2021-10-22,1818.0,1907.0,1785.0,1903.0,3352
2021-10-25,1933.0,1937.0,1836.0,1844.0,2922
2021-10-26,1866.0,1978.0,1862.0,1933.0,2490
2021-10-27,1936.0,2079.0,1908.0,1928.9599609375,5587
2021-10-28,2224.0,2248.0,1927.010009765625,1940.0,10529
2021-10-29,2253.0,2331.0,2176.010009765625,2197.0,6674
2021-11-01,2414.0,2419.0,2256.6201171875,2275.0,6245
2021-11-02,2199.0,2424.5,2141.0,2420.0,8021
2021-11-03,2533.0,2538.0,2175.0,2199.0,8950
2021-11-04,2500.0,2539.0,2430.0,2454.0,4898
2021-11-05,2375.0,2522.0,2333.0,2458.0,2942
2021-11-08,2357.0,2450.0,2333.0,2422.0,3481
2021-11-09,2279.0,2348.0,2214.0,2348.0,2599
2021-11-10,2181.0,2309.0,2153.0,2226.0,3020
2021-11-11,2299.0,2322.0,2165.0,2183.0,3836
2021-11-12,2298.0,2398.0,2229.0,2347.0,4838
2021-11-15,2138.0,2351.5,2117.0,2351.5,4299
2021-11-16,2083.0,2132.0,1995.0,2114.0,6118
2021-11-17,2021.0,2142.0,1962.0,2064.0,6046
2021-11-18,1761.0,1832.0,1644.0,1823.0,18757
2021-11-19,1991.0,1998.0,1725.8900146484375,1726.0,7573
2021-11-22,1995.0,2179.35009765625,1955.0,1995.0,6782
2021-11-23,1973.0,2036.0,1901.0,1963.0,2986
2021-11-24,2004.0,2032.0,1874.0999755859375,1955.0,3384
2021-11-26,1902.0,1942.0,1859.0,1934.010009765625,2302
2021-11-29,1868.0,1952.0,1861.0,1928.0,3402
2021-11-30,1825.0,1908.0,1788.0,1828.0,8007
2021-12-01,1696.0,1902.0,1688.0,1879.0,4581
2021-12-02,1716.0,1749.5,1633.0,1697.0,7123
2021-12-03,1708.0,1862.0,1699.0,1846.0,8716
2021-12-06,1760.0,1776.0,1610.0,1713.0,6675
2021-12-07,1843.0,1911.0,1798.0,1825.0,5062
2021-12-08,1820.0,1883.0,1796.0,1818.0,3038
2021-12-09,1672.0,1838.5,1656.0,1832.0,6652
2021-12-10,1686.0,1725.0,1646.0,1693.0,3728
2021-12-13,1743.0,1793.0,1678.0,1690.0,5448
2021-12-14,1630.0,1700.0,1575.0,1698.0,6223
2021-12-15,1632.0,1640.0,1479.0,1626.0,9334
2021-12-16,1526.0,1665.0,1502.0,1642.0,5046
2021-12-17,1561.0,1600.1400146484375,1471.5,1503.0,10137
2021-12-20,1442.0,1549.0,1415.0,1479.0,7161
2021-12-21,1507.0,1527.0,1471.0,1471.0,4111
2021-12-22,1508.0,1554.989990234375,1502.7099609375,1513.0,3033
2021-12-23,1503.0,1545.0,1488.010009765625,1508.0,3016
2021-12-27,1487.0,1524.9000244140625,1422.0,1501.0,6454
2021-12-28,1416.0,1515.0,1386.5,1488.0,8225
2021-12-29,1388.0,1423.0,1354.0,1401.0,7410
2021-12-30,1421.0,1479.0799560546875,1380.0,1397.0,5500
2021-12-31,1390.0,1480.0,1386.0,1412.0,5010
2022-01-03,1483.0,1517.8800048828125,1415.0,1415.0,3831
2022-01-04,1457.0,1547.0,1408.0,1486.0,5094
2022-01-05,1311.0,1455.6700439453125,1303.0,1444.0,6920
2022-01-06,1281.0,1336.0,1201.0,1323.0,7559
2022-01-07,1262.0,1321.989990234375,1226.0,1267.0,5249
2022-01-10,1231.0,1243.0,1181.0,1240.0,5600
2022-01-11,1264.0,1292.8699951171875,1202.0,1232.0,8003
2022-01-12,1287.0,1317.0,1257.0,1286.0,3670
2022-01-13,1197.0,1319.3199462890625,1194.0,1286.0,6165
2022-01-14,1240.0,1256.5,1166.4000244140625,1175.0,7124
2022-01-18,1173.0,1299.0,1163.0,1197.0,6674
2022-01-19,1134.0,1197.0,1131.0,1185.0,3529
2022-01-20,1160.0,1235.0,1155.5,1164.0,4570
2022-01-21,1071.0,1152.0,1045.0,1135.0,9167
2022-01-24,1155.0,1156.0,956.0,1011.0,10068
2022-01-25,1081.0,1157.0,1075.0,1106.0,3954
2022-01-26,1026.0,1138.8699951171875,1019.0,1127.0,6857
2022-01-27,950.0,1060.699951171875,922.0,1043.0,7813
2022-01-28,991.0,991.0,916.5999755859375,943.0,4709
2022-01-31,1103.0,1105.0,985.0,1025.0,4047
2022-02-01,1019.0,1105.0,995.0,1079.0,9194
2022-02-02,959.0,1032.0,930.0,1032.0,5981
2022-02-03,882.0,955.0,877.0,928.0,4622
2022-02-04,885.0,910.0,850.0,889.0,5491
2022-02-07,859.0,931.0,852.0,891.0,3620
2022-02-08,900.0,919.0,834.0999755859375,852.0,8070
2022-02-09,988.0,1007.0,925.6300048828125,946.0,8015
2022-02-10,989.0,1059.0,946.0,946.0,6975
2022-02-11,918.0,1007.0,909.0,990.0,3926
2022-02-14,903.0,955.0,897.0,918.0,2583
2022-02-15,997.0,1002.0,931.0,937.0,3616
2022-02-16,966.0,995.5,950.0,988.0,3475
2022-02-17,938.0,997.0,925.0,965.0,4335
2022-02-18,884.0,946.0,883.0,929.0,4733
2022-02-22,811.0,883.0,810.0,870.0,4680
2022-02-23,807.0,843.0,790.0,831.0,4635
2022-02-24,936.0,952.0,748.0,765.0,6601
2022-02-25,985.0,990.0,910.0999755859375,945.0,4217
2022-02-28,1084.0,1121.9300537109375,1000.0,1009.0,12868
2022-03-01,1164.0,1183.0,1070.0,1080.0,6761
2022-03-02,1073.0,1158.0,1056.0,1146.0,5881
2022-03-03,1036.0,1073.0,1014.0,1071.0,3631
2022-03-04,1026.0,1070.0,996.7999877929688,1022.0,4725
2022-03-07,1102.0,1139.0,1040.0,1062.0,4995
2022-03-08,1362.0,1433.0,1128.0,1157.0,18934
2022-03-09,1389.0,1389.0,1271.0,1338.0,8147
2022-03-10,1320.0,1373.0,1276.0999755859375,1353.0,4417
2022-03-11,1304.0,1397.0,1281.0,1337.0,3549
2022-03-14,1165.0,1299.0,1141.5,1266.0,6026
2022-03-15,1210.0,1212.0,1090.0,1172.0,4384
2022-03-16,1297.0,1298.0,1204.0,1255.0,5746
2022-03-17,1312.0,1384.0,1277.0,1297.0,4252
2022-03-18,1340.0,1400.0,1296.5,1305.0,7994
2022-03-21,1363.0,1386.93994140625,1289.0,1313.5,4271
2022-03-22,1403.0,1445.0,1358.0,1367.0,4693
2022-03-23,1387.0,1409.0,1315.0,1372.0,4508
2022-03-24,1370.0,1427.0,1328.0999755859375,1404.0,5334
2022-03-25,1302.0,1413.0,1231.0,1250.0,6484
2022-03-28,1437.0,1441.0,1297.0,1300.0,6864
2022-03-29,1490.0,1543.0,1425.0,1425.0,7279
2022-03-30,1452.0,1530.43994140625,1442.0,1487.0,4514
2022-03-31,1448.0,1499.0,1411.0,1464.0,3213
2022-04-01,1400.0,1485.0,1345.0,1454.0,4021
2022-04-04,1502.0,1518.0,1415.0,1415.0,2764
2022-04-05,1397.0,1525.0,1392.0,1507.0,3482
2022-04-06,1339.0,1368.0,1313.0,1354.0,3622
2022-04-07,1294.0,1371.0,1216.0,1323.0,6028
2022-04-08,1249.0,1299.0,1237.0,1293.0,2269
2022-04-11,1280.0,1295.0,1216.0,1237.0,2486
2022-04-12,1298.0,1342.0,1277.0,1313.0,3162
2022-04-13,1366.0,1375.5,1309.0,1309.0,3450
2022-04-14,1329.0,1419.0,1321.0,1374.0,3386
2022-04-18,1330.0,1360.0,1281.0,1308.0,2822
2022-04-19,1379.0,1389.0,1310.0,1329.0,1899
2022-04-20,1423.0,1444.0,1388.0,1413.0,7073
2022-04-21,1287.0,1444.0,1236.0,1433.0,8876
2022-04-22,1134.0,1303.0,1090.5,1278.0,14455
2022-04-25,1085.0,1111.0,1035.0,1106.0,9206
2022-04-26,1125.0,1137.0,1035.0,1090.0,5659
2022-04-27,1129.0,1197.0,1118.0,1143.0,2832
2022-04-28,1170.0,1190.0,1119.0699462890625,1152.0,1717
2022-04-29,1158.0,1223.0,1146.0,1168.0,1890
2022-05-02,1142.0,1164.0,1075.0,1151.0,4405
2022-05-03,1217.0,1230.0,1131.1199951171875,1135.0,2563
2022-05-04,1377.0,1381.0,1225.1199951171875,1229.0,7801
2022-05-05,1321.0,1379.0,1281.0,1370.0,2571
2022-05-06,1195.0,1319.0,1169.5,1305.0,3702
2022-05-09,1089.0,1168.8900146484375,1074.0,1139.0,3200
2022-05-10,1015.0,1173.0,1000.0,1139.0,5365
2022-05-11,930.0,1030.0,913.0,1006.0,3860
2022-05-12,965.0,996.989990234375,885.0,912.0,2887
2022-05-13,1028.0,1066.0,994.0,1019.0,2112
2022-05-16,1005.0,1063.0,997.0,1024.0,1889
2022-05-17,1087.0,1089.0,1024.0,1041.0,2343
2022-05-18,1105.0,1158.5,1061.0,1067.0,2644
2022-05-19,1225.0,1244.989990234375,1108.0999755859375,1111.0,3053
2022-05-20,1242.0,1265.0,1160.0,1250.0,3447
2022-05-23,1203.0,1268.0,1156.0,1260.0,2448
2022-05-24,1095.0,1181.0,1070.0,1181.0,3279
2022-05-25,1152.0,1164.0,1075.0,1079.0,2389
2022-05-26,1204.0,1238.0,1114.0,1148.0,2748
2022-05-27,1290.0,1331.0,1135.0,1209.0,9109
2022-05-31,1196.0,1318.0,1192.0,1290.0,6613
2022-06-01,1179.0,1247.0,1176.0,1205.0,3791
2022-06-02,1295.0,1323.8800048828125,1182.0,1189.0,6319
2022-06-03,1311.0,1325.0,1235.0,1258.0,3467
2022-06-06,1352.0,1493.9000244140625,1340.0,1475.0,5018
2022-06-07,1421.0,1432.1300048828125,1328.0,1330.0,2580
2022-06-08,1426.0,1468.0,1399.0,1405.0,3927
2022-06-09,1359.0,1433.0,1356.0,1398.0,1911
2022-06-10,1350.0,1393.0,1317.0,1330.0,2565
2022-06-13,1210.0,1287.989990234375,1127.0,1250.0,8315
2022-06-14,1088.0,1242.0,1080.0,1211.0,6006
2022-06-15,1231.0,1234.0,1100.0,1100.0,5093
2022-06-16,1150.0,1198.0,1100.0,1175.0,4833
2022-06-17,1150.0,1150.0,1150.0,1150.0,0
2022-06-21,1260.0,1296.0,1207.0,1207.0,3219
2022-06-22,1318.0,1334.0,1246.0,1250.0,2866
2022-06-23,1405.0,1414.0,1290.0,1302.0,4596
2022-06-24,1294.0,1414.5,1291.0,1405.0,3821
2022-06-27,1353.0,1395.0,1287.0,1292.0,3206
2022-06-28,1291.0,1373.0,1266.0,1370.0,2694
2022-06-29,1176.0,1254.0,1156.0,1254.0,8070
2022-06-30,1329.0,1332.0,1150.0,1150.0,3692
2022-07-01,1275.0,1359.0,1257.0,1316.0,1882
2022-07-05,1248.0,1274.0,1205.0,1226.0,2165
2022-07-06,1233.0,1310.0,1216.5,1238.0,2858
2022-07-07,1327.0,1344.0,1245.0,1246.0,2605
2022-07-08,1437.0,1446.0,1291.0,1308.0,3228
2022-07-11,1334.0,1439.219970703125,1330.0,1414.0,2136
2022-07-12,1234.0,1356.0,1208.0,1340.0,3348
2022-07-13,1209.0,1244.5699462890625,1188.0,1201.0,2134
2022-07-14,1229.0,1250.0,1161.0,1190.199951171875,2673
2022-07-15,1074.5,1174.989990234375,1001.0,1156.0,12666
2022-07-18,1090.0,1162.0,1081.0,1094.0,4652
2022-07-19,1109.0,1130.989990234375,1061.0,1113.0,2448
2022-07-20,1155.0,1180.0,1110.0,1110.0,2264
2022-07-21,1141.0,1184.0,1134.0,1160.0,1726
2022-07-22,1074.0,1173.0,1070.0,1147.0,2010
2022-07-25,1148.0,1151.0999755859375,1070.0,1078.0,2253
2022-07-26,1094.0,1155.0,1086.0,1131.0,2273
2022-07-27,1136.0,1181.0,1085.0,1131.0,6128
2022-07-28,1445.0,1473.0,1291.0,1300.0,14096
2022-07-29,1725.0,1797.0,1445.0,1450.0,16268
2022-08-01,1745.0,1871.5,1616.0999755859375,1665.199951171875,8356
2022-08-02,1898.0,1944.0,1710.0,1710.0,6046
2022-08-03,1792.0,1937.0,1784.0,1901.0,5038
2022-08-04,1828.0,1844.0,1724.0,1827.0,7125
2022-08-05,1888.0,1984.0,1840.010009765625,1906.0,8731
2022-08-08,1865.0,2048.860107421875,1823.0,1985.0,5961
2022-08-09,1924.0,1950.0,1781.0,1828.0,4936
2022-08-10,2039.0,2044.0,1862.0,1989.0,4309
2022-08-11,1965.0,2137.0,1946.0,2100.0,6018
2022-08-12,2192.0,2311.5,1934.5,2006.0,10698
2022-08-15,2214.0,2288.0,2130.1201171875,2249.0,7919
2022-08-16,2080.0,2195.0,2058.0,2137.0,7401
2022-08-17,2043.0,2065.0,1952.0,2030.0,6385
2022-08-18,2185.0,2254.0,2025.0,2051.0,8841
2022-08-19,1786.0,2012.0,1713.0,1956.0,15041
2022-08-22,1763.0,1788.0,1637.0,1746.0,6530
2022-08-23,1914.0,2009.0,1775.0,1775.0,6706
2022-08-24,2047.0,2087.0,1921.0,1930.0,3976
2022-08-25,2064.0,2134.0,2020.0,2070.0,4158
2022-08-26,2054.0,2096.0,2000.0,2060.0,2590
2022-08-29,2073.0,2165.0,1984.0,1984.0,4447
2022-08-30,1908.0,2102.0,1893.0,2100.0,5102
2022-08-31,1985.0,1999.0999755859375,1914.0,1931.0,3739
2022-09-01,1889.0,1941.0,1820.0,1941.0,3459
2022-09-02,1877.0,1918.0,1807.0,1918.0,2216
2022-09-06,1940.0,1991.0,1850.5,1882.0,3197
2022-09-07,2122.0,2160.0,1927.0,1927.0,5779
2022-09-08,2255.0,2377.0,2177.0,2190.0,15553
2022-09-09,2269.0,2308.0,2231.1201171875,2260.0,6645
2022-09-12,2300.0,2300.0,2185.0,2276.0,5475
2022-09-13,2299.0,2517.8798828125,2147.0,2149.0,10166
2022-09-14,2406.0,2413.0,2195.0,2285.0,6231
2022-09-15,2472.0,2636.0,2363.0,2400.0,18234
2022-09-16,2560.0,2567.0,2301.0,2380.0,11271
2022-09-19,2615.0,2799.0,2487.3701171875,2550.0,18261
2022-09-20,2436.0,2641.0,2416.5,2628.0,10361
2022-09-21,2434.0,2525.0,2365.0,2435.0,6144
2022-09-22,2279.0,2396.0,2185.0,2391.0,11576
2022-09-23,2269.0,2279.0,2109.0,2200.0,9820
2022-09-26,2166.0,2408.0,2160.0,2268.0,6525
2022-09-27,2440.0,2447.0,2221.0,2221.0,9361
2022-09-28,2420.0,2478.0,2377.0,2411.0,6453
2022-09-29,2341.0,2350.0,2212.0,2342.0,9974
2022-09-30,2377.0,2439.0,2283.0,2291.5,4953
2022-10-03,2476.0,2545.0,2285.0,2394.0,7542
2022-10-04,2563.0,2659.3798828125,2525.0,2568.0,5692
2022-10-05,2466.0,2544.0,2388.0,2525.0,5272
2022-10-06,2228.0,2610.0,2217.0,2470.0,9476
2022-10-07,2132.0,2240.5,2093.0,2153.0,6955
2022-10-10,2067.0,2104.0,1966.0,2075.5,4931
2022-10-11,2072.0,2075.0,1928.1500244140625,2032.0,3513
2022-10-12,1899.0,2100.0,1882.0,2100.0,6598
2022-10-13,1889.0,1919.0,1758.0,1813.0,4887
2022-10-14,1806.0,1924.0,1784.5999755859375,1894.0,6152
2022-10-17,1698.0,1841.989990234375,1681.0,1806.0,5593
2022-10-18,1805.0,1813.0,1716.0,1752.0,5080
2022-10-19,1789.0,1794.0,1659.0,1720.0,4399
2022-10-20,1698.0,1810.5,1681.0,1786.0,3871
2022-10-21,1698.0,1760.0,1640.0,1696.0,8482
2022-10-24,1475.0,1694.0,1450.0,1694.0,16938
2022-10-25,1694.0,1705.0,1472.0,1472.0,7641
2022-10-26,1741.0,1808.0,1670.0,1694.0,6021
2022-10-27,1816.0,1837.0,1706.0,1747.0,3623
2022-10-28,1665.0,1819.0,1664.0,1797.0,5792
2022-10-31,1728.0,1756.0,1628.0,1637.0,5306
2022-11-01,1728.0,1787.0,1715.0,1781.0,2994
2022-11-02,1600.0,1768.0,1586.0,1768.0,6016
2022-11-03,1640.0,1683.0,1582.0,1582.0,5720
2022-11-04,1662.0,1699.0,1580.0,1685.0,3661
2022-11-07,1594.0,1675.0,1548.5,1675.0,3981
2022-11-08,1726.0,1758.0,1640.0,1648.0,3544
2022-11-09,1753.0,1828.0,1702.0,1702.0,3888
2022-11-10,1951.0,1971.5,1794.0,1856.0,11629
2022-11-11,2101.0,2150.0,1861.0,1900.0,14158
2022-11-14,2098.0,2101.0,1912.0,2080.0,7659
2022-11-15,2189.0,2291.0,2150.0,2158.989990234375,6603
2022-11-16,2229.0,2313.0,2113.0,2151.0,4601
2022-11-17,2294.0,2365.0,2100.0,2152.0,7181
2022-11-18,2195.0,2345.0,2185.0,2315.0,4863
2022-11-21,2233.0,2243.89990234375,2084.0,2183.0,2709
2022-11-22,2186.0,2265.0,2147.0,2224.0,2777
2022-11-23,2376.0,2376.0,2201.0,2207.0,5039
2022-11-25,2405.0,2438.0,2336.0,2372.0,2574
2022-11-28,2246.0,2378.0,2156.0,2371.0,6039
2022-11-29,2202.0,2329.969970703125,2201.0,2261.0,2861
2022-11-30,2302.0,2303.0,2164.27001953125,2190.0,4615
2022-12-01,2155.0,2359.0,2151.0,2322.0,3545
2022-12-02,2268.0,2305.5,2089.0,2114.0,3312
2022-12-05,2184.0,2269.0,2151.0,2265.0,2593
2022-12-06,2056.0,2183.0,2029.0,2183.0,2977
2022-12-07,2009.0,2078.0,1974.0,2001.0,2247
2022-12-08,2052.0,2110.0,1998.0,2012.0,8917
2022-12-09,2000.0,2049.989990234375,1972.0,2022.0,3965
2022-12-12,2084.0,2095.0,2000.0,2011.0,2337
2022-12-13,2161.0,2234.0,2131.010009765625,2180.0,2636
2022-12-14,2298.0,2335.0,2159.0,2159.0,2551
2022-12-15,2181.0,2375.0,2164.0,2231.0,4802
2022-12-16,2108.0,2195.0,2042.0,2164.0,6610
2022-12-19,2045.0,2111.5,2018.4000244140625,2101.0,2748
2022-12-20,1956.0,2045.0,1950.0,2011.0,1893
2022-12-21,1983.0,2010.0,1870.0,1990.0,3972
2022-12-22,1858.0,1956.0,1835.0,1956.0,3816
2022-12-23,1825.0,1860.5,1704.0,1833.0,4893
2022-12-27,1691.0,1807.5,1641.0,1801.0,4010
2022-12-28,1533.0,1708.0,1491.0,1688.0,17111
2022-12-29,1537.0,1647.0,1524.0,1564.0,10079
2022-12-30,1606.0,1615.0,1484.010009765625,1495.0,8038
2023-01-03,1526.0,1671.0,1510.5,1609.0,6140
2023-01-04,1764.0,1775.0,1587.0,1620.0,7430
2023-01-05,1772.0,1790.0,1712.0,1743.0,5893
2023-01-06,1776.0,1829.0,1710.0,1780.0,5256
2023-01-09,1778.0,1877.0,1775.0,1826.0,3215
2023-01-10,1934.0,1949.0,1750.0,1793.0,7594
2023-01-11,2110.0,2142.0,1961.0,1961.0,7399
2023-01-12,2233.0,2236.0,2102.0,2127.0,4646
2023-01-13,2239.0,2279.0,2151.0,2195.0,3509
2023-01-17,2264.0,2301.0,2180.0,2203.0,5119
2023-01-18,2223.0,2319.0,2169.179931640625,2272.0,4386
2023-01-19,2184.0,2243.0,2113.0,2205.0,4451
2023-01-20,2197.0,2275.0,2124.0,2275.0,4418
2023-01-23,2306.0,2333.0,2181.0,2220.0,6836
2023-01-24,2249.0,2342.0,2225.0,2277.0,2599
2023-01-25,2223.0,2245.0,2113.0,2180.0,3255
2023-01-26,2182.0,2273.5,2130.0,2259.0,4135
2023-01-27,2218.0,2279.0,2105.0,2131.0,5049
2023-01-30,2063.0,2250.0,2060.0,2157.0,4732
2023-01-31,2196.0,2201.5,2017.0,2059.0,5369
2023-02-01,2194.0,2227.0,2072.0,2204.0,3791
2023-02-02,2239.0,2307.0,2193.5,2254.0,3472
2023-02-03,2120.0,2232.0,2105.0,2191.0,1805
2023-02-06,2154.0,2189.0,2058.0,2090.0,2760
2023-02-07,2088.0,2191.5,2066.0,2161.0,2713
2023-02-08,2037.0,2171.0,2002.0,2131.0,2740
2023-02-09,1905.0,2114.0,1891.3800048828125,2053.0,3428
2023-02-10,1904.0,1962.0,1810.0,1883.0,3094
2023-02-13,1939.0,1997.31005859375,1905.0,1905.0,3307
2023-02-14,1838.0,1930.0,1816.0,1902.0,3904
2023-02-15,1881.0,1915.0,1810.0,1810.0,5543
2023-02-16,1811.0,1933.0,1795.0,1859.0,3097
2023-02-17,1701.0,1800.0,1677.0,1800.0,7906
2023-02-21,1621.0,1745.0,1616.0,1667.0,4724
2023-02-22,1600.0,1702.0,1575.0,1623.0,6525
2023-02-23,1643.0,1693.0,1586.010009765625,1647.0,3942
2023-02-24,1576.0,1621.0,1555.0,1595.0,2183
2023-02-27,1723.0,1742.0,1590.530029296875,1603.0,4826
2023-02-28,1760.0,1783.0,1693.0,1715.0,4504
2023-03-01,1812.0,1933.5,1793.0,1793.0,6846
2023-03-02,1790.0,1803.989990234375,1688.0,1781.0,4856
2023-03-03,1872.0,1931.5,1786.0,1804.0,5322
2023-03-06,1914.0,1938.989990234375,1856.0,1881.0,4637
2023-03-07,1875.0,1940.0,1836.0,1900.0,4908
2023-03-08,2700.0,2713.0,2305.0,2378.0,114650
2023-03-09,2732.0,2895.0,2626.0,2717.0,35069
2023-03-10,2737.0,2874.0,2656.22998046875,2700.0,16189
2023-03-13,2566.0,2772.0,2538.0,2696.0,11109
2023-03-14,2579.0,2659.0,2494.0,2625.0,6532
2023-03-15,2506.0,2543.0,2289.0,2455.0,11553
2023-03-16,2405.0,2499.0,2316.0,2499.0,7402
2023-03-17,2262.0,2434.5,2208.0,2390.0,17669
2023-03-20,2339.0,2449.0,2244.0,2253.0,6928
2023-03-21,2577.0,2661.0,2345.0,2371.0,9757
2023-03-22,2500.0,2626.0,2500.0,2543.0,10607
2023-03-23,2457.0,2650.0,2452.0,2546.0,6239
2023-03-24,2483.0,2497.6298828125,2378.0,2436.0,5986
2023-03-27,2551.0,2566.0,2414.010009765625,2503.0,3953
2023-03-28,2492.0,2567.0,2450.0,2563.0,3413
2023-03-29,2590.0,2675.0,2434.0,2537.0,6063
2023-03-30,2569.0,2718.0,2553.0,2645.0,10506
2023-03-31,2654.0,2700.5,2530.0,2599.0,6863
2023-04-03,2747.0,2770.89990234375,2595.5,2695.0,9855
2023-04-04,2849.0,2861.0,2713.0,2748.0,11606
2023-04-05,2796.0,2880.0,2684.0,2847.0,8425
2023-04-06,2664.0,2789.0,2611.0,2789.0,7163
2023-04-10,2818.0,2822.0,2611.5,2638.0,4362
2023-04-11,2900.0,2948.0,2784.5,2840.0,6539
2023-04-12,2897.0,2978.0,2855.0,2934.0,5183
2023-04-13,2836.0,2930.5,2807.0,2923.0,4184
2023-04-14,2833.0,2850.0,2691.0,2707.0,5981
2023-04-17,2855.0,2992.0,2785.010009765625,2790.0,7779
2023-04-18,2909.0,2912.0,2753.0,2847.0,4724
2023-04-19,2855.0,2889.85009765625,2794.0,2866.0,4473
2023-04-20,3075.0,3099.0,2761.0,2809.0,18424
2023-04-21,3121.0,3128.0,2977.0,3063.0,23573
2023-04-24,3234.0,3322.5,3101.0,3145.0,14604
2023-04-25,3134.0,3227.0,3104.0,3203.0,7750
2023-04-26,2762.0,3084.0,2745.0,3041.0,18918
2023-04-27,2718.0,2900.0,2684.0,2795.0,9594
2023-04-28,2811.0,2813.0,2631.0,2694.0,7571
2023-05-01,2692.0,2874.0,2644.0,2814.0,5402
2023-05-02,2610.0,2698.0,2576.0,2698.0,4169
2023-05-03,2667.0,2723.89990234375,2540.14990234375,2600.0,5504
2023-05-04,2609.0,2736.5,2599.5,2704.0,5409
2023-05-05,2739.0,2774.0,2657.010009765625,2716.0,4387
2023-05-08,2782.0,2841.0,2691.0,2746.0,4177
2023-05-09,2740.0,2781.0,2678.0,2732.0,4224
2023-05-10,2800.0,2858.300048828125,2766.0,2771.0,11978
2023-05-11,3636.0,3715.0,3060.0,3100.0,58555
2023-05-12,3652.0,3891.0,3584.0,3670.0,28650
2023-05-15,3268.0,3708.0,3242.0,3642.0,18631
2023-05-16,3117.0,3373.989990234375,3085.0,3298.0,13798
2023-05-17,2871.0,2995.0,2762.0,2900.0,87185
2023-05-18,2802.0,2919.0,2781.0,2857.0,20192
2023-05-19,3026.0,3060.5,2807.0,2807.0,29255
2023-05-22,3093.0,3176.5,2992.0,3045.0,11874
2023-05-23,2965.0,3135.0,2856.0,3050.0,25483
2023-05-24,2855.0,3036.5,2800.0,2946.0,10865
2023-05-25,2798.0,2882.0,2742.0,2855.0,5715
2023-05-26,2857.0,2915.0,2767.0,2804.0,8684
2023-05-30,2826.0,2977.97998046875,2795.030029296875,2896.0,10935
2023-05-31,2779.0,2864.0,2714.800048828125,2820.0,11672
2023-06-01,2903.0,2937.989990234375,2747.0,2766.0,10446
2023-06-02,2856.0,3000.0,2791.0,2950.0,7625
2023-06-05,2923.0,2951.0,2826.0,2854.0,6216
2023-06-06,2881.0,2955.0,2817.0,2896.0,5633
2023-06-07,2894.0,2932.75,2812.0,2894.0,8210
2023-06-08,2816.0,2939.989990234375,2765.0,2917.0,6924
2023-06-09,2732.0,2869.0,2726.0,2837.0,7791
2023-06-12,2829.0,2870.0,2658.10009765625,2703.0,10201
2023-06-13,2860.0,2918.0,2796.0,2891.0,8861
2023-06-14,2863.0,3258.0,2841.0,3254.0,26961
2023-06-15,2856.0,2989.0,2795.5,2840.0,13418
2023-06-16,2789.0,2920.0,2746.0,2886.0,14887
2023-06-20,2649.0,2818.0,2644.0,2818.0,10476
2023-06-21,2704.0,2737.0,2597.0,2638.0,11987
2023-06-22,2707.0,2724.0,2603.0,2694.0,5801
2023-06-23,2611.0,2714.0,2587.0,2661.0,46324
2023-06-26,2540.0,2707.0,2518.0,2705.0,9533
2023-06-27,2622.0,2631.0,2563.0,2563.0,4611
2023-06-28,2828.0,2854.0,2620.0,2620.0,10991
2023-06-29,2738.0,2930.5,2727.0,2839.0,9405
2023-06-30,2816.0,2837.0,2686.0,2754.0,7808
2023-07-03,2776.0,2941.0,2748.5,2864.0,3668
2023-07-05,2668.0,2776.0,2658.0,2776.0,5893
2023-07-06,2521.0,2654.0,2415.0,2647.0,13328
2023-07-07,2572.0,2741.0,2572.0,2681.0,16396
2023-07-10,2568.0,2614.0,2464.0,2572.0,11095
2023-07-11,2548.0,2634.0,2519.0,2566.0,7721
2023-07-12,2653.0,2686.0,2540.0,2613.0,10179
2023-07-13,2686.0,2711.0,2599.5,2663.0,7711
2023-07-14,2606.0,2719.0,2586.0,2688.0,7147
2023-07-17,2721.0,2760.0,2540.0,2577.0,10663
2023-07-18,2718.0,2848.0,2698.0,2724.0,12474
2023-07-19,2751.0,2820.0,2690.5,2738.0,7764
2023-07-20,2708.0,2739.5,2621.0,2702.0,7107
2023-07-21,2724.5,2748.0,2637.0,2731.0,5403
2023-07-24,2738.0,2800.0,2681.0,2742.0,6938
2023-07-25,2842.0,2845.0,2698.0,2726.0,6572
2023-07-26,2603.0,2775.0,2521.5,2689.0,25240
2023-07-27,2377.5,2632.5,2350.0,2631.0,18659
2023-07-28,2413.0,2457.0,2318.0,2392.0,15249
2023-07-31,2469.0,2477.0,2386.0,2413.0,8949
2023-08-01,2394.0,2474.0,2376.840087890625,2431.0,7779
2023-08-02,2259.0,2349.0,2235.0,2349.0,18100
2023-08-03,2238.0,2336.419921875,2219.0,2249.0,7160
2023-08-04,2204.0,2266.0,2190.0,2242.0,6082
2023-08-07,2316.0,2357.5,2152.0,2206.0,11907
2023-08-08,2321.0,2357.0,2214.0,2326.0,12215
2023-08-09,2281.0,2349.0,2267.0,2336.0,11010
2023-08-10,2228.0,2347.0,2202.0,2305.0,16453
2023-08-11,1516.0,1788.0,1450.0,1675.0,106537
2023-08-14,1576.5,1591.0,1452.5,1513.0,35909
2023-08-15,1467.0,1570.0,1465.0,1553.0,19210
2023-08-16,1432.0,1501.0,1426.0,1459.0,12334
2023-08-17,1381.0,1445.0,1355.0,1431.0,14392
2023-08-18,1370.0,1391.0,1326.1099853515625,1361.0,10368
2023-08-21,1382.0,1418.0,1349.5,1380.0,14223
2023-08-22,1340.0,1409.0,1335.0,1399.0,12037
2023-08-23,1433.0,1466.0,1325.0,1343.0,15924
2023-08-24,1345.0,1430.5,1336.0,1426.0,9948
2023-08-25,1347.0,1373.0,1327.0,1345.0,9172
2023-08-28,1417.0,1420.0,1353.0,1353.0,10308
2023-08-29,1506.0,1525.0,1395.0,1429.0,10213
2023-08-30,1585.0,1589.0,1508.0,1547.0,12313
2023-08-31,1576.0,1605.5,1553.0,1580.0,13036
2023-09-01,1596.0,1604.0,1556.0,1581.0,6822
2023-09-05,1618.0,1638.0,1578.0,1596.0,11019
2023-09-06,1550.0,1607.0,1531.0,1604.0,8161
2023-09-07,1454.0,1500.0,1445.0,1495.0,11001
2023-09-08,1487.0,1494.0,1436.5,1468.0,8651
2023-09-11,1472.0,1530.5,1460.0,1507.0,5959
2023-09-12,1463.0,1470.5,1420.0,1448.0,8758
2023-09-13,1407.0,1492.0,1404.0,1463.0,6265
2023-09-14,1417.0,1459.0,1398.0,1426.0,6985
2023-09-15,1374.0,1420.0,1356.5,1410.0,12308
2023-09-18,1317.0,1367.8900146484375,1307.0,1365.0,7647
2023-09-19,1288.5,1329.1300048828125,1285.050048828125,1316.0,6996
2023-09-20,1267.0,1327.0,1265.0,1300.0,7060
2023-09-21,1223.0,1250.0,1204.5,1245.0,11792
2023-09-22,1208.0,1252.0,1190.0,1241.0,6764
2023-09-25,1215.0,1222.0,1176.0,1186.0,5998
2023-09-26,1212.0,1250.0,1185.0,1199.0,12889
2023-09-27,1222.0,1272.0,1208.0,1225.0,9500
2023-09-28,1177.0,1216.93994140625,1130.0,1212.0,20531
2023-09-29,1159.0,1217.0,1145.0,1180.0,14478
2023-10-02,1073.0,1141.0,1067.0,1130.0,13711
2023-10-03,1040.0,1058.5,1021.0,1047.0,11021
2023-10-04,1014.0,1043.0,981.0,1033.0,11040
2023-10-05,989.0,1016.0,972.5,1016.0,7835
2023-10-06,999.0,1023.0,971.0,973.0,8475
2023-10-09,954.0,1001.9000244140625,931.3400268554688,985.0,6634
2023-10-10,989.0,1005.0,728.0,735.0,35475
2023-10-11,898.0,1020.0,872.5,993.0,22000
2023-10-12,909.5,942.0,843.0,900.0,15770
2023-10-13,907.0,948.0,894.0,912.0,12317
2023-10-16,871.0,880.0,804.0,863.0,22634
2023-10-17,919.0,919.0,856.5,861.0,13968
2023-10-18,867.0,926.0,851.5,923.0,16265
2023-10-19,811.0,870.0,806.0,870.0,11331
2023-10-20,783.0,802.0,745.0,783.0,39982
2023-10-23,732.0,773.0,731.0,773.0,15040
2023-10-24,732.0,762.0,730.5,747.0,12075
2023-10-25,669.0,721.5,664.0,720.0,20712
2023-10-26,663.0,702.719970703125,657.5,677.0,14540
2023-10-27,627.0,654.0,618.5,654.0,13461
2023-10-30,631.0,659.0,610.0,636.0,11909
2023-10-31,624.0,639.0,614.2000122070312,630.0,8056
2023-11-01,578.0,626.5,570.010009765625,625.0,13160
2023-11-02,620.0,649.0,588.0,588.0,17987
2023-11-03,629.0,674.1400146484375,627.0,652.0,16054
2023-11-06,597.0,641.0,586.0,630.0,12494
2023-11-07,609.0,618.5,585.0,590.0,14606
2023-11-08,560.0,610.0,553.0,610.0,15109
2023-11-09,518.0,570.0,510.5,565.0,13881
2023-11-10,524.0,525.0,498.0,518.0,17146
2023-11-13,548.0,548.0,511.0,518.0,16914
2023-11-14,618.0,624.0,581.0,581.0,28643
2023-11-15,610.0,691.8800048828125,600.0,630.0,34325
2023-11-16,519.0,581.0,489.5,517.0,53799
2023-11-17,543.0,543.0,487.5,526.0,29243
2023-11-20,513.0,554.0,511.0,546.0,20514
2023-11-21,479.0,509.7699890136719,470.0,507.0,27186
2023-11-22,467.0,513.8800048828125,466.0,479.0,22601
2023-11-24,455.0,482.0,455.0,469.0,14557
2023-11-27,430.0,456.0,430.0,455.0,21239
2023-11-28,435.0,454.0,406.0,425.0,26786
2023-11-29,446.0,476.0,436.5,445.0,24320
2023-11-30,413.0,451.0,408.0,448.0,26650
2023-12-01,466.0,467.5,401.0,410.0,30635
2023-12-04,484.0,524.0,470.0,472.0,31873
2023-12-05,467.0,499.9200134277344,465.0,494.0,18440
2023-12-06,453.0,497.0,452.0,472.0,20765
2023-12-07,437.0,459.0,435.0,453.0,16581
2023-12-08,426.0,449.0,403.5,433.0,26904
2023-12-11,437.0,454.5,424.0,433.0,16420
2023-12-12,404.0,440.0,394.0,440.0,30694
2023-12-13,458.0,460.0,391.0,400.0,29226
2023-12-14,568.0,590.0,478.9800109863281,479.0,58732
2023-12-15,614.0,629.0,552.0,597.0,64395
2023-12-18,554.0,595.0,496.0,594.0,56641
2023-12-19,636.0,641.8099975585938,572.0,573.0,40377
2023-12-20,553.0,635.0,550.5,633.0,33538
2023-12-21,664.0,667.0,579.0,580.0,43526
2023-12-22,689.0,721.0,645.0,664.0,42141
2023-12-26,755.0,772.5,705.0,705.0,36553
2023-12-27,733.0,773.0,719.0,773.0,28785
2023-12-28,747.0,779.989990234375,721.0,728.0,28672
2023-12-29,717.0,757.0,709.5,740.0,19402
2024-01-02,680.0,735.0,669.0,695.5,22823
2024-01-03,642.0,662.0,610.5,662.0,17680
2024-01-04,608.5,639.8400268554688,591.0,639.0,25568
2024-01-05,593.0,643.989990234375,576.0,586.0,29028
2024-01-08,572.0,602.5,564.9000244140625,588.0,17079
2024-01-09,562.0,569.5,541.0,564.0,18614
2024-01-10,563.0,580.0,540.0,558.0,17531
2024-01-11,539.0,563.0,522.010009765625,559.0,21088
2024-01-12,550.0,592.5,528.0,546.0,26135
2024-01-16,493.0,547.0,491.5,541.0,29483
2024-01-17,468.0,482.0,441.5,470.0,30107
2024-01-18,466.0,520.0,463.1000061035156,480.0,21845
2024-01-19,457.0,470.5,438.0,468.0,20385
2024-01-22,477.0,496.0,448.0,466.0,23273
2024-01-23,510.0,519.0,483.5,495.0,24421
2024-01-24,495.0,554.0,491.0,525.0,24921
2024-01-25,488.0,529.0,472.0,505.0,15598
2024-01-26,478.0,516.010009765625,474.0,492.0,14081
2024-01-29,516.0,516.0,456.0,484.0,15543
2024-01-30,461.0,507.989990234375,459.5,502.0,24786
2024-01-31,453.0,515.0,445.0,458.0,32066
2024-02-01,470.0,504.82000732421875,449.0,465.0,23761
2024-02-02,457.0,463.5,432.0,460.0,21977
2024-02-05,419.0,448.0,413.0,441.0,18751
2024-02-06,445.0,447.5,402.0,419.0,26909
2024-02-07,476.0,493.0,453.0,468.0,20094
2024-02-08,481.0,490.0,462.0,475.0,13096
2024-02-09,535.0,538.5999755859375,482.0,484.0,19041
2024-02-12,567.0,588.0,531.0,542.0,16911
2024-02-13,503.0,532.760009765625,496.5,520.0,20629
2024-02-14,574.0,580.0,515.0,531.0,19869
2024-02-15,583.0,602.0,564.0,591.0,18868
2024-02-16,540.0,573.0,538.0,559.0,15561
2024-02-20,512.0,532.0,501.0,528.0,20500
2024-02-21,480.0,505.0,470.5,495.0,15973
2024-02-22,420.0,482.0,417.0,481.0,31302
2024-02-23,418.0,430.0,403.0,418.0,20579
2024-02-26,410.0,450.0,401.0,418.0,21261
2024-02-27,413.0,425.5,405.0,416.0,13739
2024-02-28,422.0,447.0,409.0,419.0,19256
2024-02-29,401.0,465.0,399.0,435.0,41558
2024-03-01,426.0,435.0,390.0,410.0,24103
2024-03-04,401.0,431.0,393.0,429.0,22512
2024-03-05,380.0,407.80999755859375,379.0,393.0,25196
2024-03-06,402.0,414.0,376.0,393.0,19965
2024-03-07,400.0,420.0,399.0,409.0,11858
2024-03-08,369.0,406.1600036621094,362.0,376.0,47959
2024-03-11,354.0,391.0,351.0,371.0,22396
2024-03-12,327.0,354.0,318.0,352.0,31361
2024-03-13,314.0,334.010009765625,313.0,321.0,37973
2024-03-14,298.0,316.0,296.0,316.0,33255
2024-03-15,324.0,326.0,292.0,298.0,25920
2024-03-18,301.0,322.0,301.0,321.0,13621
2024-03-19,296.0,308.5,291.0,303.0,16506
2024-03-20,333.0,343.0,288.010009765625,292.0,21655
2024-03-21,330.0,356.0,328.0,335.0,18007
2024-03-22,310.0,330.0,308.5,330.0,14213
2024-03-25,312.0,324.0,300.04998779296875,307.0,16575
2024-03-26,286.0,320.0,284.0,315.0,19296
2024-03-27,327.0,328.0,287.0,291.0,33279
2024-03-28,333.0,354.0,325.30999755859375,325.30999755859375,24118
2024-04-01,321.0,343.94000244140625,317.0,338.0,11846
2024-04-02,290.0,311.489990234375,284.0,306.0,17891
2024-04-03,293.0,297.0,282.0,290.0,15722
2024-04-04,286.0,319.0,284.0,300.0,16426
2024-04-05,283.0,290.0,275.0,286.0,19105
2024-04-08,273.0,301.989990234375,273.0,286.0,19667
2024-04-09,266.5,280.0,236.0,240.0,43999
2024-04-10,242.0,257.0,233.0,257.0,30490
2024-04-11,235.0,254.0,230.0,254.0,19557
2024-04-12,212.0,237.80999755859375,210.0,232.0,21433
2024-04-15,197.0,213.0,191.0,213.0,29539
2024-04-16,195.5,202.0,189.0,194.0,23240
2024-04-17,211.0,219.0,196.0,198.0,33607
2024-04-18,191.5,207.0,189.0,206.0,20866
2024-04-19,182.0,196.0,174.0,191.0,38691
2024-04-22,194.0,199.0,178.0,182.0,21069
2024-04-23,196.0,219.0,190.0,190.0,19484
2024-04-24,181.0,214.0,179.5,196.0,20624
2024-04-25,178.0,180.0,171.0,177.0,40258
2024-04-26,209.0,216.0,183.32000732421875,190.0,30930
2024-04-29,200.0,238.0,198.0,210.0,32433
2024-04-30,195.0,200.0,189.07000732421875,200.0,16803
2024-05-01,194.0,218.0,190.0,194.0,43803
2024-05-02,224.0,226.0,191.0,198.0,28662
2024-05-03,236.0,252.0,228.0,237.0,14573
2024-05-06,223.0,246.0,215.0,243.0,30139
2024-05-07,228.0,228.5,215.0500030517578,224.0,10400
2024-05-08,208.0,225.0,207.0,220.0,9378
2024-05-09,233.0,233.0,207.0,210.0,11279
2024-05-10,217.0,242.0,216.0,240.0,11332
2024-05-13,247.0,296.5,219.5,221.0,51327
2024-05-14,368.0,410.0,299.0,308.0,160279
2024-05-15,256.0,364.0,254.0,360.0,52845
2024-05-16,324.0,327.0,267.0,267.0,59103
2024-05-17,295.0,324.5,293.0,310.0,33271
2024-05-20,289.0,306.0,270.0,300.0,15470
2024-05-21,271.0,300.9700012207031,266.0,286.0,18352
2024-05-22,330.0,355.0,267.0,270.0,81994
2024-05-23,312.0,334.0,291.0,334.0,34649
2024-05-24,303.0,322.0,294.5,313.0,15020
2024-05-28,320.0,333.0,302.0,307.0,26178
2024-05-29,311.0,343.0,303.0,308.0,33666
2024-05-30,203.0,229.00999450683594,145.0,171.0,349539
2024-05-31,188.0,200.0,165.5,200.0,93783
2024-06-03,185.0,205.0,181.0,199.0,63416
2024-06-04,175.0,183.0,164.0,175.0,43851
2024-06-05,162.0,177.0,161.0,175.0,37520
2024-06-06,147.0,163.0,145.0,160.0,62225
2024-06-07,151.0,156.0,139.0,141.10000610351562,40941
2024-06-10,151.0,156.0,145.0,153.0,23190
2024-06-11,172.0,172.0,147.5,150.0,56424
2024-06-12,162.0,187.0,158.0,180.0,57341
2024-06-13,144.0,165.0,139.5,165.0,49343
2024-06-14,135.5,144.5,135.0,143.0,40543
2024-06-17,115.0,147.0,113.0,146.0,139665
2024-06-18,111.0,122.0,110.0,115.0,41967
2024-06-20,101.0,112.0,99.55000305175781,110.0,46682
2024-06-21,103.0,113.0,96.0,102.0,74700
2024-06-24,106.5,114.5,102.0,103.0,39610
2024-06-25,101.0,106.04000091552734,98.5199966430664,105.0,26799
2024-06-26,111.0,113.95999908447266,102.0,103.0,39909
2024-06-27,112.0,121.0,104.0,108.0,89921
2024-06-28,85.30000305175781,113.0999984741211,85.08000183105469,112.0,136624
2024-07-01,54.880001068115234,85.25,54.880001068115234,80.0,144119
2024-07-02,17.989999771118164,32.86000061035156,16.979999542236328,28.5,1739459
2024-07-03,17.360000610351562,22.020000457763672,17.0,18.940000534057617,2024637
2024-07-05,24.0,27.799999237060547,16.68000030517578,18.829999923706055,5206980
2024-07-08,27.0,34.5,26.0,29.729999542236328,4935174
2024-07-09,24.799999237060547,26.81999969482422,23.0,26.0,2336765
2024-07-10,21.079999923706055,25.31999969482422,19.780000686645508,25.31999969482422,2465003
2024-07-11,24.06999969482422,24.690000534057617,19.0,19.799999237060547,3555767
2024-07-12,23.75,27.200000762939453,23.100000381469727,25.8700008392334,2861324
2024-07-15,22.700000762939453,23.548999786376953,21.0,22.899999618530273,1327965
2024-07-16,25.239999771118164,27.399999618530273,21.270000457763672,22.100000381469727,2466066
2024-07-17,24.40999984741211,26.190000534057617,22.799999237060547,23.299999237060547,1231004
2024-07-18,24.040000915527344,27.43000030517578,22.989999771118164,25.0,1700376
2024-07-19,21.559999465942383,23.559999465942383,21.299999237060547,23.0,857063
2024-07-22,22.399999618530273,23.5,21.299999237060547,22.690000534057617,842261
2024-07-23,21.100000381469727,23.770000457763672,20.950000762939453,21.860000610351562,920909
2024-07-24,20.5,22.389999389648438,20.0,21.799999237060547,887179
2024-07-25,21.399999618530273,21.5,19.75,20.190000534057617,585250
2024-07-26,21.299999237060547,21.399999618530273,20.6200008392334,21.399999618530273,303784
2024-07-29,19.5,21.25,19.139999389648438,21.079999923706055,563956
2024-07-30,18.0,19.299999237060547,17.729999542236328,19.200000762939453,552324
2024-07-31,17.75,18.649999618530273,17.049999237060547,18.399999618530273,625268
2024-08-01,17.8799991607666,20.149999618530273,17.6200008392334,18.0,748800
2024-08-02,16.59000015258789,17.40999984741211,16.25,17.40999984741211,481193
2024-08-05,13.569999694824219,15.149999618530273,13.220000267028809,14.069999694824219,664978
2024-08-06,17.0,17.5,14.010000228881836,14.899999618530273,632677
2024-08-07,16.34000015258789,18.790000915527344,16.0,17.989999771118164,622314
2024-08-08,16.579999923706055,17.5,14.699999809265137,16.0,313274
2024-08-09,15.930000305175781,16.8799991607666,15.800000190734863,16.459999084472656,177875
2024-08-12,14.630000114440918,16.214000701904297,14.399999618530273,16.209999084472656,271582
2024-08-13,14.329999923706055,15.59000015258789,14.25,14.640000343322754,245909
2024-08-14,13.989999771118164,14.569999694824219,13.720000267028809,14.5,282099
2024-08-15,12.760000228881836,14.109999656677246,12.5600004196167,14.0,482045
2024-08-16,11.630000114440918,12.970000267028809,11.210000038146973,12.550000190734863,424956
2024-08-19,17.0,23.110000610351562,14.420000076293945,15.880000114440918,4868957
2024-08-20,15.829999923706055,18.969999313354492,15.0,18.25,1116292
2024-08-21,18.290000915527344,19.100000381469727,15.989999771118164,16.5,1037974
2024-08-22,17.030000686645508,18.3799991607666,16.100000381469727,18.219999313354492,448357
2024-08-23,17.700000762939453,18.5,16.06999969482422,17.010000228881836,465421
2024-08-26,16.8799991607666,20.079999923706055,15.989999771118164,18.0,650944
2024-08-27,15.859999656677246,16.899999618530273,15.25,16.600000381469727,300077
2024-08-28,15.0600004196167,15.9399995803833,14.010000228881836,15.920000076293945,398301
2024-08-29,10.430000305175781,14.850000381469727,8.25,14.850000381469727,1652209
2024-08-30,10.8100004196167,12.65999984741211,10.399999618530273,11.399999618530273,948155
2024-09-03,9.300000190734863,9.600000381469727,8.5,9.5,1080704
2024-09-04,9.600000381469727,10.5,8.510000228881836,8.529999732971191,692026
2024-09-05,9.0,9.5600004196167,8.899999618530273,9.5,353190
2024-09-06,8.25,9.079999923706055,8.25,9.0,283418
2024-09-09,7.559999942779541,8.569999694824219,7.5,8.5600004196167,398669
2024-09-10,8.0,8.880000114440918,7.769999980926514,8.5,1081120
2024-09-11,9.100000381469727,9.479999542236328,8.050000190734863,8.609999656677246,715757
2024-09-12,8.5600004196167,9.760000228881836,8.300000190734863,9.760000228881836,460868
2024-09-13,8.430000305175781,8.90999984741211,8.279999732971191,8.5,237454
2024-09-16,7.989999771118164,8.6899995803833,7.840000152587891,8.619999885559082,294485
2024-09-17,8.600000381469727,9.149999618530273,8.039999961853027,8.5,415777
2024-09-18,9.09000015258789,10.380000114440918,8.399999618530273,8.869999885559082,617916
2024-09-19,10.449999809265137,10.75,9.40999984741211,9.699999809265137,1050333
2024-09-20,9.149999618530273,11.640000343322754,9.140000343322754,10.5,887537
2024-09-23,7.849999904632568,8.430000305175781,7.800000190734863,8.0,670210
2024-09-24,7.909999847412109,8.079999923706055,7.900000095367432,8.050000190734863,367470
2024-09-25,7.869999885559082,8.170000076293945,7.800000190734863,8.0,375788
2024-09-26,8.890000343322754,9.1899995803833,7.920000076293945,7.920000076293945,610528
2024-09-27,9.0,9.600000381469727,8.800000190734863,9.199999809265137,521378
2024-09-30,9.670000076293945,9.8100004196167,9.119999885559082,9.329999923706055,314337
2024-10-01,8.460000038146973,9.680000305175781,8.300000190734863,9.680000305175781,286777
2024-10-02,8.430000305175781,8.739999771118164,8.020000457763672,8.5,284605
2024-10-03,8.420000076293945,8.800000190734863,8.210000038146973,8.380000114440918,229617
2024-10-04,8.40999984741211,8.789999961853027,8.300000190734863,8.550000190734863,206100
2024-10-07,7.869999885559082,8.430000305175781,7.519999980926514,8.100000381469727,522034
2024-10-08,7.110000133514404,7.670000076293945,7.010000228881836,7.599999904632568,511385
2024-10-09,6.329999923706055,7.619999885559082,6.300000190734863,6.860000133514404,986361
2024-10-10,5.235000133514404,6.078000068664551,5.199999809265137,5.96999979019165,1225187
2024-10-11,5.260000228881836,5.639999866485596,4.992499828338623,5.28000020980835,717241
2024-10-14,5.650000095367432,5.71999979019165,4.980000019073486,5.21999979019165,707535
2024-10-15,6.179999828338623,6.630000114440918,5.610000133514404,5.619999885559082,1286064
2024-10-16,6.059999942779541,6.369999885559082,5.559999942779541,6.199999809265137,643760
2024-10-17,5.550000190734863,6.190000057220459,5.420000076293945,6.119999885559082,451207
2024-10-18,5.849999904632568,6.099999904632568,5.599999904632568,5.610000133514404,297419
2024-10-21,5.880000114440918,5.940000057220459,5.630000114440918,5.889999866485596,159595
2024-10-22,5.75,6.21999979019165,5.710000038146973,5.739999771118164,338234
2024-10-23,5.199999809265137,5.78000020980835,5.150000095367432,5.75,610943
2024-10-24,5.260000228881836,5.458000183105469,5.164000034332275,5.210000038146973,295622
2024-10-25,5.710000038146973,5.900000095367432,5.249000072479248,5.260000228881836,345274
2024-10-28,6.46999979019165,6.75,5.847599983215332,5.880000114440918,699973
2024-10-29,6.230000019073486,7.447999954223633,6.079999923706055,6.579999923706055,708015
2024-10-30,8.640000343322754,11.1899995803833,6.25,6.25,22891857
2024-10-31,9.225000381469727,10.119999885559082,7.980000019073486,8.609999656677246,2944296
2024-11-01,10.329999923706055,12.65999984741211,9.15999984741211,9.420000076293945,6717587
2024-11-04,10.529999732971191,12.390000343322754,10.020000457763672,10.260000228881836,3450174
2024-11-05,10.5,10.912349700927734,9.199999809265137,10.300000190734863,1009690
2024-11-06,8.274999618530273,9.979999542236328,8.0600004196167,9.979999542236328,1119952
2024-11-07,9.100000381469727,9.329999923706055,8.210000038146973,8.699999809265137,771300
2024-11-08,8.819999694824219,9.869999885559082,8.699999809265137,9.279999732971191,620291
2024-11-11,11.369999885559082,12.25,10.151100158691406,10.210000038146973,3384142
2024-11-12,11.6899995803833,13.210000038146973,11.399999618530273,12.0,1464225
2024-11-13,13.520000457763672,14.489999771118164,11.510000228881836,11.819999694824219,2549861
2024-11-14,11.5,12.631999969482422,10.399999618530273,12.489999771118164,2035816
2024-11-15,9.979999542236328,10.869999885559082,9.513400077819824,10.829999923706055,1012612
2024-11-18,9.1899995803833,10.069999694824219,8.949999809265137,9.850000381469727,1058473
2024-11-19,7.5,9.149999618530273,7.409999847412109,9.109999656677246,1326211
2024-11-20,8.670000076293945,8.699999809265137,6.850399971008301,7.489999771118164,1362466
2024-11-21,8.199999809265137,8.859999656677246,8.020000457763672,8.479999542236328,666407
2024-11-22,8.520000457763672,8.65999984741211,7.81279993057251,8.210000038146973,669645
2024-11-25,7.980000019073486,8.949999809265137,7.730000019073486,8.520000457763672,875407
2024-11-26,7.659999847412109,9.65999984741211,7.120100021362305,9.5,2925818
2024-11-27,8.800000190734863,8.869999885559082,7.769999980926514,7.809999942779541,1293228
2024-11-29,8.100000381469727,8.789999961853027,7.909999847412109,8.789999961853027,748481
2024-12-02,8.649999618530273,9.199999809265137,8.5,8.510000228881836,1015573
2024-12-03,8.220000267028809,8.619999885559082,7.949999809265137,8.5,416387
2024-12-04,7.960000038146973,8.180000305175781,7.702000141143799,8.15999984741211,594608
2024-12-05,7.889999866485596,8.140000343322754,7.489999771118164,7.849999904632568,546962
2024-12-06,7.130000114440918,7.699999809265137,7.010000228881836,7.699999809265137,740773
2024-12-09,6.960000038146973,7.429999828338623,6.679999828338623,7.070000171661377,694053
2024-12-10,6.579999923706055,6.860000133514404,6.383200168609619,6.860000133514404,755240
2024-12-11,6.335000038146973,6.900000095367432,6.21999979019165,6.829999923706055,495447
2024-12-12,5.739999771118164,6.539999961853027,5.650000095367432,6.269999980926514,718203
2024-12-13,5.5,5.889999866485596,5.315000057220459,5.699999809265137,509583
2024-12-16,5.920000076293945,6.179999828338623,5.489999771118164,5.489999771118164,534978
2024-12-17,6.150000095367432,6.440000057220459,5.800000190734863,6.070000171661377,647135
2024-12-18,6.489999771118164,7.357600212097168,6.110000133514404,6.21999979019165,920464
2024-12-19,6.590000152587891,7.300000190734863,6.5,6.5,723097
2024-12-20,7.400000095367432,7.400000095367432,6.519999980926514,6.519999980926514,779325
2024-12-23,8.329999923706055,8.380000114440918,7.349999904632568,7.349999904632568,747179
2024-12-24,8.449999809265137,8.699999809265137,7.835000038146973,8.25,365473
2024-12-26,8.710000038146973,9.050000190734863,8.319999694824219,8.319999694824219,474806
2024-12-27,8.100000381469727,8.630000114440918,7.820000171661377,8.630000114440918,495685
2024-12-30,7.650000095367432,8.572600364685059,7.511600017547607,8.109999656677246,467523
2024-12-31,7.539999961853027,8.0,7.289999961853027,7.699999809265137,349683
2025-01-02,8.489999771118164,8.929900169372559,7.75,7.789999961853027,736981
2025-01-03,8.34000015258789,8.827099800109863,8.3100004196167,8.40999984741211,311373
2025-01-06,7.710000038146973,8.699999809265137,7.630000114440918,8.430000305175781,401444
2025-01-07,7.630000114440918,8.039999961853027,7.610000133514404,7.75,324518
2025-01-08,6.849999904632568,7.599999904632568,6.800000190734863,7.599999904632568,385973
2025-01-10,6.449999809265137,7.010000228881836,6.360000133514404,7.010000228881836,299107
2025-01-13,6.199999809265137,6.489999771118164,6.0,6.489999771118164,279856
2025-01-14,6.579999923706055,6.610000133514404,6.301000118255615,6.320000171661377,228195
2025-01-15,6.400000095367432,6.889999866485596,6.349999904632568,6.78000020980835,439895
2025-01-16,6.210000038146973,6.49399995803833,6.140920162200928,6.460000038146973,299163
2025-01-17,6.679999828338623,6.900000095367432,6.269999980926514,6.269999980926514,350756
2025-01-21,6.71999979019165,6.760000228881836,6.010000228881836,6.760000228881836,446836
2025-01-22,6.510000228881836,6.750699996948242,6.360000133514404,6.619999885559082,164145
2025-01-23,6.269999980926514,6.5,6.090000152587891,6.5,260385
2025-01-24,6.489999771118164,6.579999923706055,6.130000114440918,6.21999979019165,204649
2025-01-27,6.010000228881836,6.400000095367432,5.949999809265137,6.300000190734863,239466
2025-01-28,5.909999847412109,6.099999904632568,5.750100135803223,6.039999961853027,183052
2025-01-29,6.050000190734863,6.150000095367432,5.789999961853027,6.010000228881836,207225
2025-01-30,6.199999809265137,6.279900074005127,5.864999771118164,6.050000190734863,186219
2025-01-31,6.179999828338623,6.287799835205078,5.960000038146973,6.130000114440918,123443
2025-02-03,5.679999828338623,5.78000020980835,5.081500053405762,5.769999980926514,634538
2025-02-04,5.78000020980835,5.800000190734863,5.420000076293945,5.550000190734863,153705
2025-02-05,5.570000171661377,5.799900054931641,5.519999980926514,5.679999828338623,164609
2025-02-06,5.510000228881836,5.820000171661377,5.380000114440918,5.659999847412109,407397
2025-02-07,5.190000057220459,5.570000171661377,5.059999942779541,5.570000171661377,316344
2025-02-10,5.190000057220459,5.260000228881836,4.940000057220459,5.190000057220459,257808
2025-02-11,4.949999809265137,5.110000133514404,4.800000190734863,5.110000133514404,249655
2025-02-12,5.019999980926514,5.03000020980835,4.784999847412109,4.880000114440918,345273
2025-02-13,5.559999942779541,5.679999828338623,4.940000057220459,5.019999980926514,360540
2025-02-14,5.739999771118164,6.019999980926514,5.619999885559082,5.630000114440918,229316
2025-02-18,5.650000095367432,5.809999942779541,5.510000228881836,5.650000095367432,243906
2025-02-19,5.639999866485596,5.940000057220459,5.590000152587891,5.650000095367432,189228
2025-02-20,5.510000228881836,5.787700176239014,5.349999904632568,5.599999904632568,194504
2025-02-21,5.21999979019165,5.670000076293945,5.161900043487549,5.53000020980835,212773
2025-02-24,5.090000152587891,5.25,4.960000038146973,5.21999979019165,209184
2025-02-25,4.659999847412109,5.099999904632568,4.579999923706055,5.070000171661377,447919
2025-02-26,4.71999979019165,4.889999866485596,4.675000190734863,4.730000019073486,156219
2025-02-27,4.510000228881836,4.820000171661377,4.5,4.820000171661377,210784
2025-02-28,4.300000190734863,4.449999809265137,4.144800186157227,4.449999809265137,282962
2025-03-03,3.4000000953674316,4.3979997634887695,3.309999942779541,4.349999904632568,634586
2025-03-04,3.240000009536743,3.390000104904175,2.680000066757202,3.3499999046325684,940655
2025-03-05,3.240000009536743,3.309999942779541,3.009999990463257,3.259999990463257,302528
2025-03-06,3.1500000953674316,3.369999885559082,3.0450000762939453,3.1600000858306885,213931
2025-03-07,3.4600000381469727,3.5399999618530273,3.0399999618530273,3.1500000953674316,251604
2025-03-10,3.0299999713897705,3.4058001041412354,2.9653000831604004,3.4000000953674316,283209
2025-03-11,3.140000104904175,3.1898999214172363,2.9800000190734863,3.049999952316284,130933
2025-03-12,3.1600000858306885,3.383699893951416,3.1033999919891357,3.240000009536743,323211
2025-03-13,3.109999895095825,3.1700000762939453,2.9727001190185547,3.1600000858306885,229669
2025-03-14,3.690000057220459,3.7200000286102295,3.1659998893737793,3.200000047683716,277517
2025-03-17,4.159999847412109,4.258500099182129,3.427999973297119,3.700000047683716,274543
2025-03-18,3.940000057220459,4.228600025177002,3.759999990463257,4.099999904632568,127711
2025-03-19,3.9100000858306885,4.138500213623047,3.8499999046325684,3.8499999046325684,91775
2025-03-20,3.9700000286102295,4.099999904632568,3.721299886703491,3.9100000858306885,121331
2025-03-21,3.680000066757202,3.969899892807007,3.630000114440918,3.859999895095825,152695
2025-03-24,3.380000114440918,3.740000009536743,3.3399999141693115,3.740000009536743,120230
2025-03-25,3.2300000190734863,3.390700101852417,3.180000066757202,3.390000104904175,134044
2025-03-26,3.130000114440918,3.358799934387207,3.040299892425537,3.25,283233
2025-03-27,3.200000047683716,3.234999895095825,3.0973000526428223,3.190000057220459,58164
2025-03-28,2.930000066757202,3.189199924468994,2.819999933242798,3.119999885559082,196755
2025-03-31,2.950000047683716,2.990000009536743,2.7607998847961426,2.9000000953674316,74497
2025-04-01,3.0199999809265137,3.1600000858306885,2.930000066757202,3.0,97296
2025-04-02,3.049999952316284,3.180000066757202,2.901099920272827,2.9600000381469727,138344
2025-04-03,2.8299999237060547,3.009999990463257,2.799999952316284,2.950000047683716,213325
2025-04-04,2.799999952316284,2.8691999912261963,2.490000009536743,2.799999952316284,274436
2025-04-07,3.0,3.1500000953674316,2.5999999046325684,2.5999999046325684,244886
2025-04-08,2.7100000381469727,3.1180999279022217,2.6786000728607178,3.0999999046325684,249063
2025-04-09,2.9700000286102295,3.0,2.5999999046325684,2.700000047683716,213826
2025-04-10,3.2799999713897705,3.299999952316284,2.811000108718872,2.9000000953674316,305534
2025-04-11,3.0999999046325684,3.3485000133514404,2.950500011444092,3.2699999809265137,186114
2025-04-14,3.0299999713897705,3.240000009536743,2.9800000190734863,3.200000047683716,80385
2025-04-15,2.799999952316284,3.134000062942505,2.7699999809265137,3.0299999713897705,133330
2025-04-16,2.759999990463257,2.8945999145507812,2.680000066757202,2.890000104904175,161897
2025-04-17,2.859999895095825,2.9200000762939453,2.75,2.799999952316284,88069
2025-04-21,2.5299999713897705,2.880000114440918,2.5199999809265137,2.880000114440918,161862
2025-04-22,2.7300000190734863,2.7300000190734863,2.5999999046325684,2.609999895095825,249429
2025-04-23,3.3499999046325684,3.5,2.7699999809265137,2.7699999809265137,586023
2025-04-24,3.4800000190734863,3.7298998832702637,3.259999990463257,3.4000000953674316,272809
2025-04-25,3.549999952316284,3.636399984359741,3.3517000675201416,3.4100000858306885,113451
2025-04-28,3.319999933242798,3.637500047683716,3.214900016784668,3.5199999809265137,106686
2025-04-29,3.3499999046325684,3.4688000679016113,3.253700017929077,3.3299999237060547,40998
2025-04-30,3.369999885559082,3.390000104904175,3.0309998989105225,3.259999990463257,142264
2025-05-01,3.0399999618530273,3.430000066757202,3.0199999809265137,3.4000000953674316,149806
2025-05-02,2.869999885559082,3.1700000762939453,2.850100040435791,3.049999952316284,191179
2025-05-05,2.799999952316284,2.940000057220459,2.7200000286102295,2.9200000762939453,80430
2025-05-06,2.7899999618530273,2.9000000953674316,2.740999937057495,2.799999952316284,61376
2025-05-07,2.819999933242798,2.8299999237060547,2.759999990463257,2.809999942779541,91639
2025-05-08,3.0799999237060547,3.0999999046325684,2.859999895095825,2.859999895095825,104750
2025-05-09,3.140000104904175,3.200000047683716,2.9600000381469727,3.119999885559082,139393
2025-05-12,3.549999952316284,3.7388999462127686,3.1600000858306885,3.509999990463257,414704
2025-05-13,4.25,4.329999923706055,3.5399999618530273,3.5399999618530273,653229
2025-05-14,3.9200000762939453,4.389999866485596,3.859999895095825,4.21999979019165,410980
2025-05-15,3.859999895095825,3.9489998817443848,3.631999969482422,3.9100000858306885,118394
2025-05-16,3.75,4.079899787902832,3.7200000286102295,3.859999895095825,122498
2025-05-19,3.7100000381469727,3.869999885559082,3.611999988555908,3.75,121809
2025-05-20,3.430000066757202,3.9000000953674316,3.2899999618530273,3.7100000381469727,147185
2025-05-21,3.2899999618530273,3.478800058364868,3.2058000564575195,3.3499999046325684,144051
2025-05-22,2.9800000190734863,3.1089000701904297,2.9000000953674316,2.9600000381469727,482494
2025-05-23,2.9100000858306885,3.0399999618530273,2.9000000953674316,3.009999990463257,157971
2025-05-27,2.990000009536743,3.069999933242798,2.799999952316284,3.0199999809265137,194871
2025-05-28,2.9000000953674316,3.069499969482422,2.869999885559082,3.0,67846
2025-05-29,2.9600000381469727,3.0299999713897705,2.884999990463257,2.9800000190734863,101664
2025-05-30,3.049999952316284,3.1602001190185547,2.9200000762939453,2.9700000286102295,151469
2025-06-02,2.930000066757202,3.069999933242798,2.886899948120117,3.069999933242798,85242
2025-06-03,3.119999885559082,3.190000057220459,2.890000104904175,2.950000047683716,141754
2025-06-04,3.0199999809265137,3.1500000953674316,2.9700000286102295,3.1500000953674316,60248
2025-06-05,2.9800000190734863,3.0899999141693115,2.9000000953674316,3.0199999809265137,102764
2025-06-06,3.0199999809265137,3.0906999111175537,2.9700000286102295,2.9800000190734863,76288
2025-06-09,3.180000066757202,3.289900064468384,3.0199999809265137,3.0199999809265137,163980
2025-06-10,3.424999952316284,3.450000047683716,3.109999895095825,3.1700000762939453,269492
2025-06-11,3.190000057220459,3.4700000286102295,3.1500000953674316,3.4000000953674316,151625
2025-06-12,3.069999933242798,3.235100030899048,3.049999952316284,3.190000057220459,121350
2025-06-13,3.069999933242798,3.2899999618530273,2.9200000762939453,3.0,186316
2025-06-16,3.3499999046325684,3.3499999046325684,3.049999952316284,3.1500000953674316,175866
2025-06-17,2.994999885559082,3.4000000953674316,2.990000009536743,3.259999990463257,280222
2025-06-18,2.990000009536743,3.0199999809265137,2.9800000190734863,3.0,65146
2025-06-20,2.869999885559082,3.0399999618530273,2.819999933242798,3.0,352124
2025-06-23,2.640000104904175,2.946899890899658,2.5999999046325684,2.9000000953674316,318827
2025-06-24,2.9200000762939453,2.9788999557495117,2.690000057220459,2.7200000286102295,230666
2025-06-25,2.9600000381469727,3.0201001167297363,2.8610000610351562,2.940000057220459,115747
2025-06-26,3.0399999618530273,3.069999933242798,2.9500999450683594,3.0299999713897705,141095
2025-06-27,3.069999933242798,3.2600998878479004,3.0,3.0299999713897705,262178
2025-06-30,3.059999942779541,3.1435000896453857,3.015700101852417,3.130000114440918,97991
2025-07-01,3.2699999809265137,3.2699999809265137,3.0199999809265137,3.049999952316284,145984
2025-07-02,3.680000066757202,3.7200000286102295,3.200000047683716,3.240000009536743,353448
2025-07-03,3.8499999046325684,3.880000114440918,3.5299999713897705,3.5299999713897705,206941
2025-07-07,3.890000104904175,4.009200096130371,3.75,3.75,195285
2025-07-08,4.090000152587891,4.199999809265137,3.8513998985290527,3.869999885559082,194479
2025-07-09,4.230000019073486,4.339700222015381,4.03000020980835,4.119999885559082,115490
2025-07-10,4.110000133514404,4.300000190734863,4.073999881744385,4.199999809265137,115953
2025-07-11,3.5899999141693115,4.079999923706055,3.569999933242798,4.079999923706055,476034
2025-07-14,3.2950000762939453,3.999500036239624,3.2799999713897705,3.5999999046325684,242289
2025-07-15,3.2799999713897705,3.430000066757202,3.200000047683716,3.390000104904175,139800
2025-07-16,3.259999990463257,3.389899969100952,3.23009991645813,3.2799999713897705,97922
2025-07-17,3.450000047683716,3.5088000297546387,3.259999990463257,3.259999990463257,101809
2025-07-18,3.5299999713897705,3.5933001041412354,3.3299999237060547,3.4100000858306885,137814
2025-07-21,4.230000019073486,4.279900074005127,3.5799999237060547,3.5799999237060547,459124
2025-07-22,4.440000057220459,4.969900131225586,4.210000038146973,4.309999942779541,452401
2025-07-23,4.389999866485596,4.550000190734863,4.159999847412109,4.429999828338623,204947
2025-07-24,4.650000095367432,4.699100017547607,4.25,4.309999942779541,140669
2025-07-25,4.699999809265137,4.800000190734863,4.3815999031066895,4.679999828338623,134973
2025-07-28,4.840000152587891,4.849999904632568,4.28000020980835,4.630000114440918,229018
2025-07-29,4.579999923706055,4.96999979019165,4.429999828338623,4.869999885559082,138008
2025-07-30,4.340000152587891,4.649899959564209,4.239999771118164,4.480000019073486,218895
2025-07-31,3.869999885559082,4.598400115966797,3.824399948120117,4.340000152587891,194639
2025-08-01,4.179999828338623,4.21999979019165,3.6900999546051025,3.799999952316284,140288
2025-08-04,4.440000057220459,4.579999923706055,4.039999961853027,4.199999809265137,118509
2025-08-05,4.25,4.440000057220459,4.119999885559082,4.440000057220459,79497
2025-08-06,4.090000152587891,4.264999866485596,3.901400089263916,4.230000019073486,80771
2025-08-07,3.990000009536743,4.28000020980835,3.9000000953674316,4.159999847412109,83436
2025-08-08,3.75,4.088500022888184,3.75,4.010000228881836,110701
2025-08-11,3.625,3.8615000247955322,3.5999999046325684,3.75,151018
2025-08-12,3.640000104904175,3.7200000286102295,3.5,3.690000057220459,81663
2025-08-13,3.7899999618530273,3.859999895095825,3.5899999141693115,3.5899999141693115,93248
2025-08-14,3.930000066757202,3.9700000286102295,3.5,3.690000057220459,195377
2025-08-15,3.990000009536743,4.048600196838379,3.65939998626709,3.9600000381469727,180109
2025-08-18,4.28000020980835,4.349999904632568,3.9200000762939453,3.990000009536743,291078
2025-08-19,3.8499999046325684,4.336900234222412,3.680000066757202,4.21999979019165,166385
2025-08-20,3.9000000953674316,4.0,3.7699999809265137,3.8299999237060547,63426
2025-08-21,3.924999952316284,4.0,3.5,3.819999933242798,224885
2025-08-22,4.199999809265137,4.329999923706055,3.747299909591675,3.9000000953674316,266794
2025-08-25,4.300000190734863,4.480000019073486,4.050000190734863,4.099999904632568,118946
2025-08-26,4.079999923706055,4.440000057220459,4.03000020980835,4.260000228881836,79891
2025-08-27,3.7899999618530273,4.310299873352051,3.740000009536743,4.130000114440918,266485
2025-08-28,3.680000066757202,4.0,3.630000114440918,3.859999895095825,226118
2025-08-29,3.6500000953674316,3.7100000381469727,3.549999952316284,3.7100000381469727,90339
2025-09-02,3.569999933242798,3.680000066757202,3.509999990463257,3.5799999237060547,73376
2025-09-03,3.6700000762939453,3.710400104522705,3.509999990463257,3.5399999618530273,61999
2025-09-04,3.6600000858306885,3.759999990463257,3.5455000400543213,3.6600000858306885,29782
2025-09-05,3.9600000381469727,4.059999942779541,3.7300000190734863,3.7300000190734863,125083
2025-09-08,3.819999933242798,4.050000190734863,3.75,3.9600000381469727,61655
2025-09-09,3.990000009536743,4.03000020980835,3.799999952316284,3.819999933242798,72978
2025-09-10,3.940000057220459,3.990000009536743,3.8317999839782715,3.950000047683716,51732
2025-09-11,3.9600000381469727,4.0,3.759999990463257,3.950000047683716,65380
2025-09-12,3.8399999141693115,4.0,3.819999933242798,3.990000009536743,43528
2025-09-15,4.050000190734863,4.179999828338623,3.75,3.8399999141693115,167981
2025-09-16,3.950000047683716,4.130000114440918,3.9000000953674316,4.019999980926514,78223
2025-09-17,3.799999952316284,4.079999923706055,3.75,4.010000228881836,125802
2025-09-18,3.7300000190734863,3.829900026321411,3.6700000762939453,3.7899999618530273,91858
2025-09-19,3.7100000381469727,3.799999952316284,3.6700000762939453,3.7300000190734863,79490
2025-09-22,3.8499999046325684,3.8499999046325684,3.6312999725341797,3.6600000858306885,75956
2025-09-23,3.759999990463257,3.940000057220459,3.704200029373169,3.8499999046325684,81081
2025-09-24,3.809999942779541,3.950000047683716,3.6914000511169434,3.75,79829
2025-09-25,3.619999885559082,3.8399999141693115,3.5299999713897705,3.759999990463257,146983
2025-09-26,3.5299999713897705,3.619999885559082,3.440000057220459,3.619999885559082,97969
2025-09-29,3.549999952316284,3.6500000953674316,3.4700000286102295,3.549999952316284,88233
2025-09-30,3.3499999046325684,3.58870005607605,3.160099983215332,3.5799999237060547,362774
2025-10-01,3.5799999237060547,3.5899999141693115,3.3499999046325684,3.380000114440918,98508
2025-10-02,3.7799999713897705,3.7799999713897705,3.5799999237060547,3.5999999046325684,67113
2025-10-03,3.5999999046325684,3.8499999046325684,3.569999933242798,3.680000066757202,144224
2025-10-06,3.6700000762939453,3.757699966430664,3.577699899673462,3.740000009536743,118486
2025-10-07,3.490000009536743,3.6500000953674316,3.359999895095825,3.6500000953674316,109598
2025-10-08,3.5199999809265137,3.619999885559082,3.440000057220459,3.4600000381469727,76118
2025-10-09,3.619999885559082,3.619999885559082,3.450000047683716,3.5,84848
2025-10-10,3.359999895095825,3.630000114440918,3.300100088119507,3.630000114440918,180891
2025-10-13,3.5299999713897705,3.58270001411438,3.4200000762939453,3.4200000762939453,73009
2025-10-14,3.7899999618530273,3.799999952316284,3.4000000953674316,3.5299999713897705,161005
2025-10-15,3.809999942779541,3.859999895095825,3.5399999618530273,3.8499999046325684,162825
2025-10-16,3.569999933242798,3.8499999046325684,3.500999927520752,3.8399999141693115,69247
2025-10-17,3.549999952316284,3.5899999141693115,3.400899887084961,3.559999942779541,78153
2025-10-20,3.6600000858306885,3.6700000762939453,3.5199999809265137,3.5799999237060547,45387
2025-10-21,3.5199999809265137,3.6500000953674316,3.5,3.5999999046325684,45632
2025-10-22,3.4800000190734863,3.5799999237060547,3.388400077819824,3.5,85915
2025-10-23,3.559999942779541,3.6500000953674316,3.4200000762939453,3.4800000190734863,98567
2025-10-24,3.549999952316284,3.719899892807007,3.5299999713897705,3.559999942779541,66687
2025-10-27,3.549999952316284,3.638700008392334,3.4649999141693115,3.5999999046325684,56617
2025-10-28,3.440000057220459,3.559999942779541,3.380000114440918,3.559999942779541,42260
2025-10-29,3.4100000858306885,3.6600000858306885,3.4049999713897705,3.450000047683716,95060
2025-10-30,3.430000066757202,3.5,3.299999952316284,3.4700000286102295,87835
2025-10-31,3.619999885559082,3.6700000762939453,3.4100000858306885,3.4800000190734863,95628
2025-11-03,3.619999885559082,3.680000066757202,3.5250000953674316,3.6500000953674316,18240
2025-11-04,3.4800000190734863,3.6500000953674316,3.430000066757202,3.4700000286102295,46213
2025-11-05,3.75,3.890000104904175,3.5,3.5325000286102295,170563
2025-11-06,3.549999952316284,3.7899999618530273,3.511199951171875,3.7899999618530273,40333
2025-11-07,3.369999885559082,3.5399999618530273,3.2799999713897705,3.4800000190734863,132715
2025-11-10,3.450000047683716,3.700000047683716,3.4100000858306885,3.4600000381469727,90027
2025-11-11,3.5199999809265137,3.7330000400543213,3.4200000762939453,3.4200000762939453,67769
2025-11-12,3.5,3.680000066757202,3.5,3.5799999237060547,42778
2025-11-13,3.390000104904175,3.6500000953674316,3.3499999046325684,3.4800000190734863,79271
2025-11-14,3.309999942779541,3.4600000381469727,3.299999952316284,3.299999952316284,44912
2025-11-17,3.0799999237060547,3.387700080871582,2.9200000762939453,3.259999990463257,144087
2025-11-18,3.009999990463257,3.240000009536743,2.9200000762939453,3.059999942779541,256244
2025-11-19,2.9100000858306885,3.0999999046325684,2.890000104904175,3.0,91834
2025-11-20,2.680000066757202,2.9800000190734863,2.6500000953674316,2.930000066757202,107153
2025-11-21,2.6700000762939453,2.8399999141693115,2.559999942779541,2.6600000858306885,69215
2025-11-24,2.9000000953674316,2.940000057220459,2.7100000381469727,2.7100000381469727,64892
2025-11-25,2.930000066757202,2.950000047683716,2.8299999237060547,2.950000047683716,40849
2025-11-26,2.9800000190734863,3.0799999237060547,2.869999885559082,2.9100000858306885,84350
2025-11-28,3.0399999618530273,3.140000104904175,2.9700000286102295,2.9700000286102295,24593
2025-12-01,2.880000114440918,3.0,2.8299999237060547,2.890000104904175,44320
2025-12-02,2.950000047683716,2.9700000286102295,2.9000000953674316,2.9200000762939453,25784
2025-12-03,2.880000114440918,2.9254000186920166,2.809999942779541,2.880000114440918,48224
2025-12-04,2.990000009536743,3.059999942779541,2.819999933242798,2.8499999046325684,30258
2025-12-05,2.9700000286102295,3.140000104904175,2.9303998947143555,2.940000057220459,36138
2025-12-08,2.990000009536743,3.0999999046325684,2.924099922180176,2.940000057220459,44009
2025-12-09,3.0799999237060547,3.200000047683716,2.990000009536743,3.0799999237060547,52124
2025-12-10,3.2100000381469727,3.384999990463257,3.0799999237060547,3.0799999237060547,90283
2025-12-11,3.5399999618530273,3.5999999046325684,3.1373000144958496,3.1500000953674316,83057
2025-12-12,3.5399999618530273,3.7300000190734863,3.412100076675415,3.5299999713897705,68206
2025-12-15,3.3499999046325684,3.549999952316284,3.309999942779541,3.5299999713897705,45868
2025-12-16,3.309999942779541,3.450000047683716,3.1600000858306885,3.3399999141693115,42753
2025-12-17,3.240000009536743,3.450000047683716,3.200000047683716,3.299999952316284,44536
2025-12-18,3.190000057220459,3.369999885559082,3.18969988822937,3.2899999618530273,37282
2025-12-19,3.369999885559082,3.4000000953674316,3.190000057220459,3.190000057220459,46977
2025-12-22,3.309999942779541,3.619999885559082,3.299999952316284,3.369999885559082,151420
2025-12-23,3.240000009536743,3.440000057220459,3.2200000286102295,3.3499999046325684,44647
2025-12-24,3.2200000286102295,3.319999933242798,3.180000066757202,3.319999933242798,31994
2025-12-26,3.200000047683716,3.299999952316284,3.1700000762939453,3.2200000286102295,54087
2025-12-29,2.9200000762939453,3.174999952316284,2.9200000762939453,3.130000114440918,87474
2025-12-30,2.7799999713897705,3.015000104904175,2.7119998931884766,2.9000000953674316,156723
2025-12-31,2.75,2.867500066757202,2.7248001098632812,2.7899999618530273,55659
2026-01-02,2.9800000190734863,2.9800000190734863,2.731100082397461,2.8399999141693115,27966
2026-01-05,3.1500000953674316,3.1700000762939453,2.990000009536743,3.0299999713897705,53022
2026-01-06,3.0999999046325684,3.1700000762939453,3.0299999713897705,3.1600000858306885,32339
2026-01-07,3.0799999237060547,3.165299892425537,3.0,3.059999942779541,16662
2026-01-08,3.0299999713897705,3.1500000953674316,2.990000009536743,3.0399999618530273,15473
2026-01-09,3.0799999237060547,3.109999895095825,2.9837000370025635,3.049999952316284,11004
2026-01-12,3.0999999046325684,3.109999895095825,3.0,3.0799999237060547,22194
2026-01-13,3.140000104904175,3.1700000762939453,3.044600009918213,3.0799999237060547,28030
2026-01-14,3.049999952316284,3.170799970626831,3.0450000762939453,3.069999933242798,13989
2026-01-15,2.950000047683716,3.0799999237060547,2.8701000213623047,3.0799999237060547,39163
2026-01-16,2.930000066757202,3.0199999809265137,2.8499999046325684,2.940000057220459,18484
2026-01-20,2.740000009536743,2.819999933242798,2.704699993133545,2.809999942779541,71899
2026-01-21,2.9000000953674316,2.988600015640259,2.712899923324585,2.7200000286102295,21945
2026-01-22,2.9600000381469727,3.049999952316284,2.9000000953674316,2.9000000953674316,38205
2026-01-23,2.9600000381469727,4.5,2.799999952316284,3.430000066757202,4280685
2026-01-26,2.869999885559082,3.059999942779541,2.759999990463257,2.9200000762939453,284927
2026-01-27,2.7799999713897705,2.8299999237060547,2.6500000953674316,2.799999952316284,134324
2026-01-28,2.6700000762939453,2.8499999046325684,2.5899999141693115,2.8499999046325684,187206
2026-01-29,2.640000104904175,2.6600000858306885,2.5350000858306885,2.6600000858306885,64631
2026-01-30,2.609999895095825,2.630000114440918,2.4600000381469727,2.609999895095825,62529
2026-02-02,2.7899999618530273,2.880000114440918,2.549999952316284,2.609999895095825,150488
2026-02-03,3.2799999713897705,3.4800000190734863,2.75,2.7899999618530273,377887
2026-02-04,3.3299999237060547,3.950000047683716,3.180000066757202,3.5199999809265137,648114
2026-02-05,3.440000057220459,3.5,3.0999999046325684,3.2799999713897705,182263
2026-02-06,3.890000104904175,4.199999809265137,3.509999990463257,4.0,1972929
2026-02-09,3.2899999618530273,4.150000095367432,3.200000047683716,3.9000000953674316,651732
2026-02-10,2.9700000286102295,3.296299934387207,2.9100000858306885,3.119999885559082,410940
2026-02-11,2.609999895095825,2.9600000381469727,2.5000998973846436,2.950000047683716,643833
2026-02-12,2.559999942779541,2.7300000190734863,2.5399999618530273,2.6700000762939453,216848
2026-02-13,2.5999999046325684,2.630000114440918,2.490000009536743,2.5999999046325684,102236
2026-02-17,2.5,2.640000104904175,2.4800000190734863,2.5999999046325684,208215
2026-02-18,2.4800000190734863,2.637500047683716,2.4200000762939453,2.5199999809265137,161575
2026-02-19,2.5799999237060547,2.5799999237060547,2.4000000953674316,2.4800000190734863,153455
2026-02-20,2.609999895095825,2.7300000190734863,2.509999990463257,2.509999990463257,107254
2026-02-23,2.509999990463257,2.6201999187469482,2.509999990463257,2.559999942779541,37221
2026-02-24,2.5450000762939453,2.6600000858306885,2.5399999618530273,2.5399999618530273,37221
2026-02-25,2.690000057220459,2.7300000190734863,2.586199998855591,2.609999895095825,37221
2026-02-26,2.680000066757202,2.680000066757202,2.509999990463257,2.640000104904175,109384
2026-02-27,2.450000047683716,2.640000104904175,2.428100109100342,2.640000104904175,209248
2026-03-02,2.4800000190734863,2.4800000190734863,2.3589999675750732,2.4000000953674316,90809
2026-03-03,2.2799999713897705,2.390000104904175,2.2699999809265137,2.390000104904175,158050
2026-03-04,2.2799999713897705,2.3499999046325684,2.2799999713897705,2.2799999713897705,75995
2026-03-05,2.309999942779541,2.390000104904175,2.2799999713897705,2.2899999618530273,83153
2026-03-06,2.2699999809265137,2.322999954223633,2.180000066757202,2.240000009536743,90786
2026-03-09,2.390000104904175,2.4000000953674316,2.2699999809265137,2.2699999809265137,185169
2026-03-10,2.369999885559082,2.461199998855591,2.2799999713897705,2.380000114440918,49256
2026-03-11,2.4000000953674316,2.459700107574463,2.3550000190734863,2.380000114440918,41138
2026-03-12,2.309999942779541,2.450000047683716,2.308000087738037,2.3499999046325684,26172
2026-03-13,2.2699999809265137,2.450000047683716,2.2200000286102295,2.3399999141693115,51292
2026-03-16,2.430000066757202,2.4700000286102295,2.299999952316284,2.299999952316284,86548
2026-03-17,2.4100000858306885,2.559999942779541,2.4100000858306885,2.450000047683716,96864
2026-03-18,2.309999942779541,2.4558000564575195,2.2899999618530273,2.4100000858306885,43189
2026-03-19,2.0199999809265137,2.2699999809265137,2.0199999809265137,2.2699999809265137,220601
2026-03-20,2.009999990463257,2.119999885559082,1.9450000524520874,2.0799999237060547,149683
2026-03-23,1.7599999904632568,2.059999942779541,1.4299999475479126,2.0399999618530273,499745
2026-03-24,1.5099999904632568,1.7599999904632568,1.4500000476837158,1.7599999904632568,225113
2026-03-25,1.590000033378601,1.7200000286102295,1.4149999618530273,1.5700000524520874,239905
2026-03-26,1.4900000095367432,1.6200000047683716,1.4600000381469727,1.6100000143051147,74082
2026-03-27,1.4800000190734863,1.5499999523162842,1.4500000476837158,1.4900000095367432,63168
2026-03-30,1.3899999856948853,1.5199999809265137,1.3600000143051147,1.5199999809265137,77619
2026-03-31,1.5099999904632568,1.5299999713897705,1.3200000524520874,1.5199999809265137,126294
2026-04-01,1.1200000047683716,1.440000057220459,1.0700000524520874,1.4299999475479126,853345
2026-04-02,0.683899998664856,0.9782000184059143,0.6704000234603882,0.949400007724762,1955796
2026-04-06,1.059999942779541,1.350000023841858,0.720009982585907,0.7591999769210815,79184424
2026-04-07,1.4299999475479126,1.5499999523162842,1.0049999952316284,1.0399999618530273,11769145
2026-04-08,1.3899999856948853,1.7000000476837158,1.309999942779541,1.5700000524520874,3027103
2026-04-09,1.3200000524520874,1.4293999671936035,1.2000000476837158,1.340000033378601,1212924
2026-04-10,1.7100000381469727,1.9600000381469727,1.2999999523162842,1.309999942779541,7492868
2026-04-13,1.5,1.7167999744415283,1.4700000286102295,1.7000000476837158,866002
2026-04-14,1.5399999618530273,1.7999999523162842,1.5099999904632568,1.5099999904632568,797048
2026-04-15,1.559999942779541,1.7799999713897705,1.5199999809265137,1.547700047492981,808111
2026-04-16,1.690000057220459,1.7599999904632568,1.559999942779541,1.5700000524520874,597967
2026-04-17,1.590000033378601,1.7400000095367432,1.5750000476837158,1.7400000095367432,419922
2026-04-20,1.5800000429153442,1.659999966621399,1.5499999523162842,1.6100000143051147,243753
2026-04-21,1.600000023841858,1.643399953842163,1.5399999618530273,1.600000023841858,130360
2026-04-22,1.600000023841858,1.690000057220459,1.5700000524520874,1.590000033378601,259440
2026-04-23,1.5399999618530273,1.6598999500274658,1.5199999809265137,1.590000033378601,225337
2026-04-24,1.4900000095367432,1.5800000429153442,1.440000057220459,1.5399999618530273,121271
2026-04-27,1.1399999856948853,1.149999976158142,0.800000011920929,0.800000011920929,2148515
2026-04-28,1.1299999952316284,1.159600019454956,1.0,1.1200000047683716,401009
2026-04-29,1.0399999618530273,1.159999966621399,0.9901000261306763,1.0800000429153442,552805
2026-04-30,0.7592999935150146,1.1399999856948853,0.6700000166893005,1.0,3468770
2026-05-01,0.7592999935150146,0.7592999935150146,0.7592999935150146,0.7592999935150146,0
